高価な宇宙軍艦を購入した金額の差額はどこに消えたのか。買い付けに派遣された羽佐間大佐に疑惑の目が向けられる日本連邦宇宙軍重巡洋艦『JSS-HC3　高尾』	https://www.amazon.co.jp/dp/B01M26MNQ3	遠野秋彦	https://www.piedey.co.jp/blog/Content.modf?id=20210613082319	0
恩師と親をでっち上げの罪状で銃殺された少女達は、仮面を被って海賊になり復讐を開始した。日本連邦宇宙軍重巡洋艦『高尾』２: 討伐！仮面海賊	https://www.amazon.co.jp/dp/B07CHQMVCG	遠野秋彦	https://www.piedey.co.jp/blog/Content.modf?id=20210613082319	0
海賊船アンナ一世の行く手に北央艦隊百隻が立ちはだかった。日本連邦宇宙軍重巡洋艦『高尾』３: 百隻対一隻・ツシマ海峡の死闘！	https://www.amazon.co.jp/dp/B07D5D5QRR	遠野秋彦	https://www.piedey.co.jp/blog/Content.modf?id=20210613082319	0
大和のピンチに老朽艦高尾は空母天城を伴って駆けつける　日本連邦宇宙軍重巡洋艦『高尾』４: 宇宙戦艦JSS-BB17大和ノ最期	https://www.amazon.co.jp/dp/B07FBK45L1	遠野秋彦	https://www.piedey.co.jp/blog/Content.modf?id=20210613082319	0
陥落が近い基地から、最新鋭機の開発チームを救出する極秘指令が高尾艦長に下った。新日本宇宙軍重巡洋艦『高尾』５: 邦人チーム極秘救出命令 辺境艦隊シリーズ	https://www.amazon.co.jp/dp/B07K5WLLZL	遠野秋彦	https://www.piedey.co.jp/blog/Content.modf?id=20210613082319	0
ドック内で改装中の高尾をテロリストの潜水艦が奇襲する。新日本宇宙軍重巡洋艦『高尾』６: 対決！　海底軍艦ＧＯ天狗号！！ 辺境艦隊シリーズ	https://www.amazon.co.jp/dp/B07P2BX21Q	遠野秋彦	https://www.piedey.co.jp/blog/Content.modf?id=20210613082319	0
高尾が到着した時、艦隊は壊滅していた。高尾はただ一隻未知の領域に突入する。新日本宇宙軍重巡洋艦『高尾』７: 最終突入指令！　神の絶対不可侵領域！！ 辺境艦隊シリーズ	https://www.amazon.co.jp/dp/B07PYV92TM	遠野秋彦	https://www.piedey.co.jp/blog/Content.modf?id=20210613082319	0
写真のモデルとして艦長席に座らされた爆乳新米少尉は、テロリストの奇襲で本物の艦長として振る舞うことになる。新日本宇宙軍重巡洋艦『高尾』８　: 高尾対幽霊戦艦大和 辺境艦隊シリーズ	https://www.amazon.co.jp/dp/B07TBGT16G	遠野秋彦	https://www.piedey.co.jp/blog/Content.modf?id=20210613082319	0
高尾以外の日本連邦宇宙軍の巡洋艦はどうしていたのか。辺境艦隊シリーズ外伝・宇宙巡洋艦ＮＥＯ那智: 討伐！　重武装密輸船団・捨て身の偽装作戦	https://www.amazon.co.jp/dp/B07VFNK3JM	遠野秋彦	https://www.piedey.co.jp/blog/Content.modf?id=20210613082319	0
未知の宇宙で高尾の前に出現したのは大艦隊と装甲をまとった敵意剥き出しの宇宙クジラだった。新日本宇宙軍重巡洋艦『高尾』１０　: 銀河ネットワークで高尾撃沈を宣言した装甲クジラ	https://www.amazon.co.jp/dp/B07W94SBJM	遠野秋彦	https://www.piedey.co.jp/blog/Content.modf?id=20210613082319	0
首都が襲撃された時、防戦できるのは修理未完了の高尾ただ一隻だった。優勢な敵を前に満身創痍の高尾が必死の阻止を試みる。新日本宇宙軍重巡洋艦『高尾』１１: 高尾の決死圏・ミクロ艦隊の襲撃	https://www.amazon.co.jp/dp/B07XT9YYPN	遠野秋彦	https://www.piedey.co.jp/blog/Content.modf?id=20210613082319	0
ついに最終決戦。無敵のコーティングをまとった高尾はM2フラッシュと1対1で対決する!　新日本宇宙軍重巡洋艦『高尾』１２: ムーツーの逆襲！　高尾対旗艦Ｍ２号 辺境艦隊シリーズ	https://www.amazon.co.jp/dp/B0813PDQ8K	遠野秋彦	https://www.piedey.co.jp/blog/Content.modf?id=20210613082319	0
奇跡の幸運艦が圧倒的優勢な敵に奇跡の大勝利!　日本連邦宇宙軍駆逐艦『ＪＳＳ―ＤＤ１７　雪風』　:シーレーン防衛作戦	https://www.amazon.co.jp/dp/B0828RY1TR	遠野秋彦	https://www.piedey.co.jp/blog/Content.modf?id=20210613082319	0
誰がクーデターを引き起こしたのか。亀田新艦長の推理が冴え渡る。新日本宇宙軍重巡洋艦『高尾』１３: どちらを向いても敵ばかり・クーデター介入作戦	https://www.amazon.co.jp/dp/B083G1HVT3	遠野秋彦	https://www.piedey.co.jp/blog/Content.modf?id=20210613082319	0
人質か高尾か。二択を迫られた艦長の決断は?　新日本宇宙軍重巡洋艦『高尾』１４: 軍艦泥棒　高尾強奪！	https://www.amazon.co.jp/dp/B089S2Z1K9	遠野秋彦	https://www.piedey.co.jp/blog/Content.modf?id=20210613082319	0
乗っ取られた高尾を追跡せよ!　新日本宇宙軍重巡洋艦『高尾』１５: 追撃！　反乱巡洋艦高尾	https://www.amazon.co.jp/dp/B08C77SR6L	遠野秋彦	https://www.piedey.co.jp/blog/Content.modf?id=20210613082319	0
行方不明の高尾はどこに消えたのか?　新日本宇宙軍重巡洋艦『Ｎ高尾』１６　銀河七十七年戦争・Ｎ高尾帰還せず！？	https://www.amazon.co.jp/dp/B08FSWM4F2	遠野秋彦	https://www.piedey.co.jp/blog/Content.modf?id=20210613082319	0
新日本宇宙軍重巡洋艦『Ｎ高尾』１７: 巡洋艦ナルメル轟沈・宇宙の怪物ギャラクラーケン 辺境艦隊シリーズ	https://www.amazon.co.jp/dp/B08KVR9K8V	遠野秋彦	https://www.piedey.co.jp/blog/Content.modf?id=20210613082319	0
ついにギャラクラーケンを倒して高尾は魔の宙域を脱出する!　新日本宇宙軍重巡洋艦『Ｎ高尾』１８　艦長アンジェリカの決断・脱出の銀河サルガッソー	https://www.amazon.co.jp/dp/B08RWYLMR6	遠野秋彦	https://www.piedey.co.jp/blog/Content.modf?id=20210613082319	0
10年間の休戦に入った銀河77年戦争だが、国内で軍拡派と軍縮派の暗闘が始まった。新日本宇宙軍重巡洋艦『Ｎ高尾』１９　四七艦隊物語・最強戦艦部隊討ち入り計画	https://www.amazon.co.jp/dp/B08XVVNJ83	遠野秋彦	https://www.piedey.co.jp/blog/Content.modf?id=20210613082319	0
最終決戦兵器、88ミリ光年砲の前に出現する暗雲。N高尾は波乱の荒海に出航する!　新日本宇宙軍重巡洋艦『Ｎ高尾』２０　八八粍光年砲計画・最終戦勝兵器	https://www.amazon.co.jp/dp/B094FB8928	遠野秋彦	https://www.piedey.co.jp/blog/Content.modf?id=20210613082319	0
N高尾は戦争の負債を清算するために老骨に鞭打つ。誰がいったい終わったはずの戦争を蒸し返すのか!　新日本宇宙軍重巡洋艦『Ｎ高尾』２１　七七年の艦齢・Ｎ高尾最後の出撃	https://www.amazon.co.jp/dp/B0991RDSTC	遠野秋彦	https://www.piedey.co.jp/blog/Content.modf?id=20210613082319	0
88ミリ光年砲の衝撃波が高尾の船体を粉々に砕いた。高尾を失った彼らにもう勝機はないのだろうか!?　新日本宇宙軍重巡洋艦『Ｎ高尾』２２　九九光年の奇跡・喪失と引き替えの栄光	https://www.amazon.co.jp/dp/B09DGLRH5G	遠野秋彦	https://www.piedey.co.jp/blog/Content.modf?id=20210613082319	0
新京都炎上!　巡洋艦高尾、惑星を脱出せよ!　第６勢力宇宙軍重巡洋艦『高尾シックス』２３　新京都最期の日・未完成巡洋艦、惑星脱出間一髪！	https://www.amazon.co.jp/dp/B09FHHNLVZ	遠野秋彦	https://www.piedey.co.jp/blog/Content.modf?id=20210613082319	0
新たに船団に加わった二隻は、お互いに相手をスパイだと主張した。どちらが正しいのか。第６勢力宇宙軍重巡洋艦『高尾シックス』２４　決断！　赤き太陽の駆逐艦	https://www.amazon.co.jp/dp/B09LLWHVZX	遠野秋彦	https://www.piedey.co.jp/blog/Content.modf?id=20210613082319	0
第６勢力と巡洋艦高尾の敵が全てジュエルボックス星団に集結して待ち構えていた!　ついに決戦の時が来た。第６勢力宇宙軍重巡洋艦『高尾シックス』２５　決戦！　ジュエルボックス星団	https://www.amazon.co.jp/dp/B09PG6R1F2	遠野秋彦	https://www.piedey.co.jp/blog/Content.modf?id=20210613082319	0
第６勢力宇宙軍重巡洋艦『高尾シックス』２６　最後の試練！　六連星輝く約束の地	https://www.amazon.co.jp/dp/B09X5HYGD5	遠野秋彦	https://www.piedey.co.jp/blog/Content.modf?id=20210613082319	0
新しい国土の建設を開始した第六日本の前にネオナチ国家のブラッククロスが出現した。第六日本宇宙軍重巡洋艦高尾２７: レッドサンとブラッククロス	https://www.amazon.co.jp/dp/B09ZQK9LK6	遠野秋彦	https://www.piedey.co.jp/blog/Content.modf?id=20210613082319	0
ネオナチのカモシカ作戦が発動し英連邦に攻め込んだ!　巡洋艦高尾はどうする!　第六日本宇宙軍重巡洋艦高尾２８　英連邦侵攻作戦	https://www.amazon.co.jp/dp/B0B62MM4DZ	遠野秋彦	https://www.piedey.co.jp/blog/Content.modf?id=20210613082319	0
重巡洋艦高尾の最盛期から老朽艦としての戦没まで全活躍を網羅。宇宙重巡洋艦高尾始末記: 辺境艦隊シリーズ合本	https://www.amazon.co.jp/dp/B07FC421T4	遠野秋彦	https://www.piedey.co.jp/blog/Content.modf?id=20210613082319	0
人類を守る最強戦艦の建造を妨害する工作員を捜せ!　宇宙戦艦フォルティシーム大和１　竣工！無敵宇宙戦艦フォルティシーム大和	https://www.amazon.co.jp/dp/B0B3J7HQ2S	遠野秋彦	https://www.piedey.co.jp/blog/Content.modf?id=20210613082319	0
凶悪犯罪者エレファントに名探偵シャドウが迫る 小説・クラッシャー象・連邦惑星サピンの危機	http://www.amazon.co.jp/dp/B01ECG523C	遠野秋彦	https://www.piedey.co.jp/blog/Content.modf?id=20210613082319	0
二大神の宇宙を決する最終戦争を開始する 小説・宇宙大戦争: 超銀河団のスカイラーク【Kindle版】発売中。	https://www.amazon.co.jp/dp/B01N0XSN43	遠野秋彦	https://www.piedey.co.jp/blog/Content.modf?id=20210613082319	0
男として育てられた姫は異星人と駆け落ちした。ところが…… 駆け落ち・姫とニヤけた異星人: 父殺し戦争	https://www.amazon.co.jp/dp/B01MU7MVGX	遠野秋彦	https://www.piedey.co.jp/blog/Content.modf?id=20210613082319	0
存在しないはずの宇宙戦艦が蘇って牙を剥いた　暴走宇宙戦艦: 実験戦艦Ｘー４ガンビーナ対超大陸級最強戦艦バールバラ!!	https://www.amazon.co.jp/dp/B08P9LYS6W	遠野秋彦	https://www.piedey.co.jp/blog/Content.modf?id=20210613082319	0
短編30編を年代順に収録!　これで大宇宙の守護者オルランド宇宙軍の始まりから終わるが分かる!　オルランド・スペース短編集　宇宙艦隊と淫らな美女	https://www.amazon.co.jp/dp/B08PKS6K4Y	遠野秋彦	https://www.piedey.co.jp/blog/Content.modf?id=20210613082319	0
オルランド・スペース・シリーズ全5冊をまとめたお買い得の合本。バラで買う半額以下!　全艦出撃！ 大宇宙の守護者: オルランド・スペース・シリーズ合本	https://www.amazon.co.jp/dp/B08PL4JT2T	遠野秋彦	https://www.piedey.co.jp/blog/Content.modf?id=20210613082319	0
死んだオタク達は未来の火星に転生し、理想の肉体を手に入れた。格闘ゲームの最強キャラでも、最高の美少女でもより取り見取りだった。だが、それは大きな罠だった。小説・火星の地底世界バルシダー	http://www.amazon.co.jp/dp/B01ECYO3XO	遠野秋彦	https://www.piedey.co.jp/blog/Content.modf?id=20210613082319	0
死んだオタク達は45世紀の火星に転生した。たが、20世紀のRPGにあったパズルダンジョンと同じものがそこにあった。なぜそんなものが火星にあるのか?　謎の数々が彼らを襲う! 小説・火星の地底世界バルシダー【合本】	http://www.amazon.co.jp/dp/B01ECYO3XO	遠野秋彦	https://www.piedey.co.jp/blog/Content.modf?id=20210613082319	0
火星の地底世界の古代王国シリーズ第1巻  火星の地底世界の将棋人間: 誕生！　無敵戦士と究極美少女　「最強の肉体と冴えた頭脳を持った最強の男、将棋マン出撃!」	https://www.amazon.co.jp/dp/B08HHLJX5V	遠野秋彦	https://www.piedey.co.jp/blog/Content.modf?id=20210613082319	0
火星の地底世界の古代王国第2巻 火星の地底世界の戦艦妖精　幻想戦艦榛名と美少女戦士ハルナ	https://www.amazon.co.jp/dp/B08MXZ991R	遠野秋彦	https://www.piedey.co.jp/blog/Content.modf?id=20210613082319	0
青い肌の巫女が誘拐され、見世物にされていた!　助けるんだ!　火星の地底世界の古代王国第3巻 火星の地底世界の妖族兵団: 青い肌の逃亡女奴隷	https://www.amazon.co.jp/dp/B08VNML213	遠野秋彦	https://www.piedey.co.jp/blog/Content.modf?id=20210613082319	0
火星の地底世界の古代王国第4巻 火星の地底世界の人工頭脳　コンピュータ支配対ビキニアーマー美少女	https://www.amazon.co.jp/dp/B09261RH8V	遠野秋彦	https://www.piedey.co.jp/blog/Content.modf?id=20210613082319	0
ビキニアーマーの美女戦士達がショタ王子を救うために立ち上がった!　火星の地底世界の古代王国第5巻　火星の地底世界のプリンス　ショタ王子と最強美少女戦士	https://www.amazon.co.jp/dp/B0967DDPXB	遠野秋彦	https://www.piedey.co.jp/blog/Content.modf?id=20210613082319	0
危ないミザール!　君の肉体の秘密が晒される!　火星の地底世界の古代王国第6巻　火星の地底世界の不死者　女騎士ミザールの肉体の秘密	https://www.amazon.co.jp/dp/B09BCK7HLG	遠野秋彦	https://www.piedey.co.jp/blog/Content.modf?id=20210613082319	0
あの逆賊を玉座から追いだしてくれるのならあなたと結婚します!　チーカ・ルワネス姫は最大の賭けに出た!　火星の地底世界の古代王国第7巻　火星の地底世界のプリンセス 最も古き王国アンシェの最も若き王女	https://www.amazon.co.jp/dp/B09HMG38NP	遠野秋彦	https://www.piedey.co.jp/blog/Content.modf?id=20210613082319	0
この世界最大のお宝を求めて女三人のダラダラだ旅が始まる。封鎖大陸エクロスに入る方法は見つかるのか?　火星の地底世界の古代王国第8巻　火星の地底世界の女神イーラス　マリちゃん危機七発・七大陸の七大冒険	https://www.amazon.co.jp/dp/B09N26X4MD	遠野秋彦	https://www.piedey.co.jp/blog/Content.modf?id=20210613082319	0
中央大陸ケトス統一を達成するため、領土を賭けた将棋が始まった!　火星の地底世界の古代王国第9巻　火星の地底世界の究極兵器: キング・オブ・キングス	https://www.amazon.co.jp/dp/B09R7QLG1T	遠野秋彦	https://www.piedey.co.jp/blog/Content.modf?id=20210613082319	0
バラで買う半額以下のお買い得合本。シリーズ全9巻と書き下ろし短編を収録。火星の地底世界の古代王国【合本】	https://www.amazon.co.jp/dp/B09RT35TT6	遠野秋彦	https://www.piedey.co.jp/blog/Content.modf?id=20210613082319	0
僕らは部活をさぼって遊びたかったから女装レオタード部を作った。青春小説　魁！　冷央高校女装レオタード部	https://www.amazon.co.jp/dp/B085B2RJ6L	遠野秋彦	https://www.piedey.co.jp/blog/Content.modf?id=20210613082319	0
ヒーローはTバック女装で帰ってくる。青春小説　女装戦士ブレイブ・ビューティー　ヒーロー・イズ・Ｔバック！	https://www.amazon.co.jp/dp/B0861DCGWM	遠野秋彦	https://www.piedey.co.jp/blog/Content.modf?id=20210613082319	0
伯爵は僕にスクール水着を着ろと命じた。そして向かった先は湖の中だった。青春小説　伯爵と僕・スクール水着女装命令と湖底に潜む女装の謎！	https://www.amazon.co.jp/dp/B086CXJXXX	遠野秋彦	https://www.piedey.co.jp/blog/Content.modf?id=20210613082319	0
日米英連合のゾンビ艦隊に戦艦大和はたった一隻で立ち向かう。山本五十六対ゾンビ: SBD Dauntless of the dead	https://www.amazon.co.jp/dp/B07QHLDB1N	遠野秋彦	https://www.piedey.co.jp/blog/Content.modf?id=20210613082319	0
最強ゾンビ対最強美少女剣士。はたしてゾンビの九段下到達を阻止できるか?　靖国で会おう！　英霊ゾンビ九段下集結: 大東京パニック	https://www.amazon.co.jp/dp/B07TY1614G	遠野秋彦	https://www.piedey.co.jp/blog/Content.modf?id=20210613082319	0
バラで買うよりお買い得の遠野秋彦ゾンビ小説合本!　今日本の精鋭が、山本五十六が、坂本龍馬がゾンビに立ち向かう!　日本対ゾンビ本土最終決戦！	https://www.amazon.co.jp/dp/B083HCDMPV	遠野秋彦	https://www.piedey.co.jp/blog/Content.modf?id=20210613082319	0
これが日本の夜明け(Japanese Dawn)ぜよ。坂本龍馬対ゾンビ: Japanese Dawn of the Dead 【Kindle版】	https://www.amazon.co.jp/dp/B0763L74P9	遠野秋彦	https://www.piedey.co.jp/blog/Content.modf?id=20210613082319	0
ドリトル先生とかぐや姫と月からの使い	https://www.amazon.co.jp/exec/obidos/ASIN/B07H738PXB	遠野秋彦	https://www.piedey.co.jp/blog/Content.modf?id=20210613082319	0
戦闘機を献納して源田サーカスを呼ぼう……の裏に隠された村の陰謀　ドリトル先生の源田サーカス	https://www.amazon.co.jp/dp/B07QBN9F2R	遠野秋彦	https://www.piedey.co.jp/blog/Content.modf?id=20210613082319	0
ドリトル先生と仲間達は怪奇の湖に向かった。ド・リトル・リトル物語　ドリトル先生と怪奇の湖 ドリトル&カグヤ	https://www.amazon.co.jp/dp/B07SSSJSLS	遠野秋彦	https://www.piedey.co.jp/blog/Content.modf?id=20210613082319	0
バラで買うよりお買い得のドリトル＆カグヤシリーズ合本!　彼の味方は動物達と月の姫	https://www.amazon.co.jp/dp/B083GPQVCL	遠野秋彦	https://www.piedey.co.jp/blog/Content.modf?id=20210613082319	0
電子出版黎明期、男達は電子出版の是非を激論する。小説・電子出版殺人事件【Kindle版】発売中。	http://www.amazon.co.jp/dp/B01E25PCNS	遠野秋彦	https://www.piedey.co.jp/blog/Content.modf?id=20210613082319	0
デスマーチの開発プロジェクトを管理する女性は叫ぶ 小説・電子商取引殺人事件【Kindle版】発売中。	http://www.amazon.co.jp/dp/B01E380GO4	遠野秋彦	https://www.piedey.co.jp/blog/Content.modf?id=20210613082319	0
1994年当時の幻の短編2本【Windows殺人事件】と【Windows誘拐事件】が蘇る 小説・Windows殺人事件【Kindle版】発売中。	http://www.amazon.co.jp/dp/B01E565RCA	遠野秋彦	https://www.piedey.co.jp/blog/Content.modf?id=20210613082319	0
迷探偵ホラムズ: ホラムズ＆ワタソン シリーズ合本	https://www.amazon.co.jp/dp/B074P6HS8Q	遠野秋彦	https://www.piedey.co.jp/blog/Content.modf?id=20210613082319	0
小説・宇宙機動遊撃艦隊: ラト姫物語・セラ姫物語合本【Kindle版】発売中。	https://www.amazon.co.jp/dp/B01MZ6OH3E	遠野秋彦	https://www.piedey.co.jp/blog/Content.modf?id=20210613082319	0
スーパーメカを駆使し、不可能な救助を繰り返す彼らの正体は、主婦、コミュ障のプー太郎、クビになった軍の設計技師、八百屋、そして小国の王女様だった。私設国際救助隊 Private International Rescue R-WINGS	https://www.amazon.co.jp/dp/B085CC27BB	遠野秋彦	https://www.piedey.co.jp/blog/Content.modf?id=20210613082319	0
冷凍睡眠から目覚めた未来は、謎に満ちていた 小説・時をかけた少女～片道タイムトラベラー～ 【Kindle版】発売中。	http://www.amazon.co.jp/dp/B01EC86V1C	遠野秋彦	https://www.piedey.co.jp/blog/Content.modf?id=20210613082319	0
お騒がせお嬢様は宇宙戦艦の副長だった。今日もお嬢様は宇宙戦艦をピンチに陥れる!　銀河お嬢様副長伝説ギャラクシー・レイカー	https://www.amazon.co.jp/dp/B08DMMP3L9	遠野秋彦	https://www.piedey.co.jp/blog/Content.modf?id=20210613082319	0
僕は家族を助けるため、美少女戦士になって潜水艦パンチラスに乗り込んだ!　美少女潜水艦パンチラス: 母をたずねて海底二万里	https://www.amazon.co.jp/dp/B07Q8THDPK	遠野秋彦	https://www.piedey.co.jp/blog/Content.modf?id=20210613082319	0
戦えパイ刑事!　うなれ爆乳拳!　犯罪者を吹き飛ばせ!　爆乳に詰まった闘乳は無敵の証。爆乳警察パイデッカー: 炸裂爆乳拳・爆乳は闘気でいっぱい	https://www.amazon.co.jp/dp/B088LS9273	遠野秋彦	https://www.piedey.co.jp/blog/Content.modf?id=20210613082319	0
世界は核のスイッチを持つ巨大な9人の赤ん坊に支配されていた。小説・搾乳少女隊: Milk for the 7th Baby 【Kindle版】発売中。	https://www.amazon.co.jp/dp/B01MR2YCCX	遠野秋彦	https://www.piedey.co.jp/blog/Content.modf?id=20210613082319	0
人体改造志願・私、マーメイドになります！　Man Made Marmaid	https://www.amazon.co.jp/dp/B085MXLC8J	遠野秋彦	https://www.piedey.co.jp/blog/Content.modf?id=20210613082319	0
殺人犯は誰だ!?　奇跡を起こす自称キリストと女子中学生はタッグを組んでJC探偵団を結成した。イエス・キリスト＆女子中学生　ふたりはＪＣ探偵団	https://www.amazon.co.jp/dp/B08DD8JH77	遠野秋彦	https://www.piedey.co.jp/blog/Content.modf?id=20210613082319	0
真田先生は言う。「良い機会だから自分で調べてみたまえ」今日も大学生達が奔走する。小説・推理サイボーグ・真田の事件簿・８作合本【Kindle版】発売中。	https://www.amazon.co.jp/dp/B06VT95GDW	遠野秋彦	https://www.piedey.co.jp/blog/Content.modf?id=20210613082319	0
少女達の前に立ち塞がる強敵の数々。だが彼女らはけして負けない! 大日本帝国女子海軍抜錨！: 異説太平洋戦争シリーズ合本	https://www.amazon.co.jp/dp/B085PZPKMF	遠野秋彦	https://www.piedey.co.jp/blog/Content.modf?id=20210613082319	0
零戦スーパー９９型の凱歌: 本土上空の死闘	https://www.amazon.co.jp/dp/B07S4GZVLG	遠野秋彦	https://www.piedey.co.jp/blog/Content.modf?id=20210613082319	0
ミッドウェー島上空で米海兵隊VMF-221のF2Aバッファローは零戦隊に圧倒されていた…… 小説零戦: ミッドウェー上空無敵伝説 Kindle版	https://www.amazon.co.jp/dp/B06XCVL8DX	遠野秋彦	https://www.piedey.co.jp/blog/Content.modf?id=20210613082319	0
戦艦大和を題材にした短編小説三本を収録。小説・戦艦大和: 主砲咆吼・敵空母粉砕！ Kindle版	https://www.amazon.co.jp/dp/B06XSHDRDH	遠野秋彦	https://www.piedey.co.jp/blog/Content.modf?id=20210613082319	0
新型ヘリ・イーグル、核テロを阻止せよ　～無責任船長タイター＆ニック　恋の沈没大作戦～	https://www.amazon.co.jp/dp/B078PN8961	遠野秋彦	https://www.piedey.co.jp/blog/Content.modf?id=20210613082319	0
あなたの知らないオタクと美少女と触手のムフフな関係: 画像の統計データが語る屈折世界	https://www.amazon.co.jp/dp/B086PG5X1T	遠野秋彦	https://www.piedey.co.jp/blog/Content.modf?id=20210613082319	0
4つのアニメの物語の構造を詳細に分析する　アニメのシナリオ (PDミニブックシリーズ) Kindle版	https://www.amazon.co.jp/dp/B075XSRNZN	遠野秋彦	https://www.piedey.co.jp/blog/Content.modf?id=20210613082319	0
西暦4199年、地球を救うために103系は生まれ変わる・宇宙戦艦ヤマテ: 銀河の山手線 Kindle版	https://www.amazon.co.jp/dp/B077QQZCCQ	遠野秋彦	https://www.piedey.co.jp/blog/Content.modf?id=20210613082319	0
共和国ピーと帝国エフは共同でCF65ピーエフを完成させて反撃した・さらば宇宙戦艦ヤマテ・青色彗星帝国の野望: ブルートレイン彗星襲来 Kindle版	https://www.amazon.co.jp/dp/B079Y6LZST	遠野秋彦	https://www.piedey.co.jp/blog/Content.modf?id=20210613082319	0
ヤエコは、崩落した地下秘密工場の奥に蒸気機関車を発見した。ヤエコはそれを修理して宇宙への冒険に旅立った。機関車ヤエコ: Ｄ５１の復活大冒険 Kindle版	https://www.amazon.co.jp/dp/B06XDLFNY6	遠野秋彦	https://www.piedey.co.jp/blog/Content.modf?id=20210613082319	0
国鉄車両宇宙へ・天かけるＪＮＲ: 遠野秋彦宇宙鉄道小説合本 Kindle版	https://www.amazon.co.jp/dp/B07GJK76B6	遠野秋彦	https://www.piedey.co.jp/blog/Content.modf?id=20210613082319	0
天使たちが操る飛行空母は、異世界から来た禍々しい空中戦艦に東京上空で戦いを挑んだ!　天使力空母ＶＳ異世界戦艦伊勢: 東京上空の大海戦	https://www.amazon.co.jp/dp/B084KRNDDG	遠野秋彦	https://www.piedey.co.jp/blog/Content.modf?id=20210613082319	0
小説・極秘作戦王女奪還: 真・勇者伝説【Kindle版】発売中。	https://www.amazon.co.jp/dp/B01MU7KT9Q	遠野秋彦	https://www.piedey.co.jp/blog/Content.modf?id=20210613082319	0
剣と魔法の世界を闊歩する淫乱魔女アーデラが相棒マールと事件の謎を鮮やかに暴き出す。小説・淫乱魔女ＶＳ人形フェチ: 魔女アーデラの事件簿【Kindle版】発売中。	https://www.amazon.co.jp/dp/B01MR2Y3HK	遠野秋彦	https://www.piedey.co.jp/blog/Content.modf?id=20210613082319	0
魔女と勇者の秘密: 遠野秋彦ファンタジー小説合本	https://www.amazon.co.jp/dp/B07GH1262S	遠野秋彦	https://www.piedey.co.jp/blog/Content.modf?id=20210613082319	0
地球はヒーローにしか守れません。でも、基地で起こる殺人事件の犯人なら高校生でも追い詰められます。 小説・異星からの侵略者殺人事件【Kindle版】発売中。	http://www.amazon.co.jp/dp/B01DU7JXFM	遠野秋彦	https://www.piedey.co.jp/blog/Content.modf?id=20210613082319	0
限界突破！　美少女メイドロボ: 誘惑と快楽のメカニズム 【Kindle版】発売中	https://www.amazon.co.jp/dp/B07FPM2J62	遠野秋彦	https://www.piedey.co.jp/blog/Content.modf?id=20210613082319	0
侵略者に敗北した優里はPMCで再起する　機上航空統制官ユリ・最弱にして最強のエンジェル　【Kindle版】発売中。	https://www.amazon.co.jp/dp/B072KL2JD2	遠野秋彦	https://www.piedey.co.jp/blog/Content.modf?id=20210613082319	0
完全な正義を遂行する少年型ロボットマルコは、1人少女から正義を否定される。僕は何も間違えていない!　小説・ＡＩの反乱: 全人類収容所移送計画【Kindle版】発売中。	https://www.amazon.co.jp/dp/B01N6NS611	遠野秋彦	https://www.piedey.co.jp/blog/Content.modf?id=20210613082319	0
無敵合体ロボ軍団　～遠野秋彦ロボット小説合本～	https://www.amazon.co.jp/dp/B07FQSF158	遠野秋彦	https://www.piedey.co.jp/blog/Content.modf?id=20210613082319	0
勇んで乗りこんだゲーム開発現場は大惨状!?　小説・ゲーム開発物語: A Story of One Game Development Team【Kindle版】発売中。	http://www.amazon.co.jp/dp/B01EDWY5IS	遠野秋彦	https://www.piedey.co.jp/blog/Content.modf?id=20210613082319	0
大学の学園祭でレースクイーンを務めたあの娘は、本当に両性具有なのか?　小説・ふたなり女子大生翔＆ルイ 【Kindle版】発売中。	https://www.amazon.co.jp/dp/B01MT6F5MN	遠野秋彦	https://www.piedey.co.jp/blog/Content.modf?id=20210613082319	0
神さま、僕を女の子にして。女体化権を賭けて神さまとゲーム。女体化ＴＳＦ・神さまお願い僕も今日から女の子【Kindle版】発売中。	http://www.amazon.co.jp/dp/B01EE8CUJW	遠野秋彦	https://www.piedey.co.jp/blog/Content.modf?id=20210613082319	0
宇宙人との賭けサッカーに負け、日本人全員のチンが宇宙人に没収され女体化することが決定した!　今、純血の日本人を残すための計画が発動する。ＴＳ小説・日本チン没: 日本人全員大和撫子化計画	https://www.amazon.co.jp/dp/B07Z8KDR9S	遠野秋彦	https://www.piedey.co.jp/blog/Content.modf?id=20210613082319	0
セーラーレオタードで美少女戦士に変身して人知れず侵略者と戦うサターンVの物語!?　小説・美少女戦士・変身！: コードネームはサターンＶ【Kindle版】発売中。	https://www.amazon.co.jp/dp/B01N7P6YOZ	遠野秋彦	https://www.piedey.co.jp/blog/Content.modf?id=20210613082319	0
戦えアニーちゃん、変身だ!　(でも無敵の3分間を過ぎると敵のなすがままだぞ)　変身ヒロイン　キューティー・アニー！: 無敵戦士・悪の組織に屈服す！	https://www.amazon.co.jp/dp/B086L5SVTR	遠野秋彦	https://www.piedey.co.jp/blog/Content.modf?id=20210613082319	0
上司をフルボッコにする夢を叶えます　遠野秋彦短編集１・フルボッコちゃん【Kindle版】発売中。	http://www.amazon.co.jp/dp/B01EK6CXUY	遠野秋彦	https://www.piedey.co.jp/blog/Content.modf?id=20210613082319	0
二隻のフォルティシーム級戦艦が主砲を向けあって対峙した!　宇宙戦艦フォルティシーム大和２　対決！フォルティシーム級戦艦一番艦	https://www.amazon.co.jp/dp/B0B8GHCK5P	遠野秋彦	https://www.piedey.co.jp/blog/Content.modf?id=20210613082319	0
ネオナチに奪われた惑星イクト奪還作戦が開始された　第六日本宇宙軍重巡洋艦高尾２９: 迫撃の旭日旗	https://www.amazon.co.jp/dp/B0BDQTB2BK	遠野秋彦	https://www.piedey.co.jp/blog/Content.modf?id=20210613082319	0
公試のデータを誰かが盗もうとしている!　アスカ艦長の犯人捜しが始まった。宇宙戦艦フォルティシーム大和３　スパイ戦！　盗まれた性能データ！！	https://www.amazon.co.jp/dp/B0BHHNGNM4	遠野秋彦	https://www.piedey.co.jp/blog/Content.modf?id=20210613082319	0
C#入門の古典的名著・楽しいC#入門	https://www.amazon.co.jp/dp/B075JGK2WY	川俣晶	https://www.piedey.co.jp/blog/Content.modf?id=20210427184800	0
サクサク動くアプリをサクサク作ろう　WebブラウザでC#・Blazor入門　サクサクSPA作成法	https://www.amazon.co.jp/dp/B07JJD444L	川俣晶	https://www.piedey.co.jp/blog/Content.modf?id=20210427184800	0
【楽しいC#入門姉妹編】 理解度確認! 理解度増進! C#穴埋め問題集・ソースでダンス!	https://www.amazon.co.jp/dp/B07N2TRW5Z	川俣晶	https://www.piedey.co.jp/blog/Content.modf?id=20210427184800	0
裏C#入門: あなたの知らない太古のテクニックと遠い昔の物語	https://www.amazon.co.jp/dp/B084DSBD4Y	川俣晶	https://www.piedey.co.jp/blog/Content.modf?id=20210427184800	0
ifやintは覚えた。さてその次は?　C#ハウツー: 逆引き入門・こんな機能はどう書くの?	https://www.amazon.co.jp/dp/B08QGW27Z3	川俣晶	https://www.piedey.co.jp/blog/Content.modf?id=20210427184800	0
気になるキーワードの解説から読み始めよう!　ハロー・ワールドが1行で書ける新時代のC#入門!　new_C#入門: 全キーワード明快解説!	https://www.amazon.co.jp/dp/B09SW52M41	川俣晶	https://www.piedey.co.jp/blog/Content.modf?id=20210427184800	0
new_C#入門: 全キーワード明快解説! (紙版)	https://www.amazon.co.jp/dp/B09SP5XKK6	川俣晶	https://www.piedey.co.jp/blog/Content.modf?id=20210427184800	0
小さな小さなnull読本: 無いことを表すのに存在する不思議な値 Kindle版	https://www.amazon.co.jp/dp/B01N5QM509	川俣晶	https://www.piedey.co.jp/blog/Content.modf?id=20210427184800	0
無限に終わらない無限ループの話 (ITプロ豆知識シリーズ) Kindle版	https://www.amazon.co.jp/dp/B07RTYCG7H	川俣晶	https://www.piedey.co.jp/blog/Content.modf?id=20210427184800	0
君は変数を正しく宣言できるか?　varと変数宣言の進化 (ITプロ豆知識シリーズ)	https://www.amazon.co.jp/dp/B082KLR32D	川俣晶	https://www.piedey.co.jp/blog/Content.modf?id=20210427184800	0
あなたの知らないアドレスとポインターの泥沼の悪夢 (ITプロ豆知識シリーズ)	https://www.amazon.co.jp/dp/B082MKXBGQ	川俣晶	https://www.piedey.co.jp/blog/Content.modf?id=20210427184800	0
GOTOの歴史と素晴らしき泥沼世界: 計算型GOTO文が切り開く無限の可能性! (ITプロ豆知識シリーズ)	https://www.amazon.co.jp/dp/B08P4PDQV2	川俣晶	https://www.piedey.co.jp/blog/Content.modf?id=20210427184800	0
安易に0で割ると何が起こるか分からない!　0で割ると悪魔が出るぞ: 君は0除算の本当の意味を説明できるか?	https://www.amazon.co.jp/dp/B08VFR5SQ6	川俣晶	https://www.piedey.co.jp/blog/Content.modf?id=20210427184800	0
歴史の中には信じられない仕様のfor文もあった!　ITプロ豆知識シリーズ・数値をカウントせよ・あなたの知らないfor文の機能と歴史	https://www.amazon.co.jp/dp/B093K8HQ81	川俣晶	https://www.piedey.co.jp/blog/Content.modf?id=20210427184800	0
【参照渡しは値を渡している】は真実か?　参照渡しが渡すのは参照?それとも値? 値・参照・ポインター・アドレスの用語の歴史と定義の迷宮	https://www.amazon.co.jp/dp/B0B369M3XD	川俣晶	https://www.piedey.co.jp/blog/Content.modf?id=20210427184800	0
脱税事件を起こしたのも宇宙戦艦ヤマト劇場版を製作したのもオフィスアカデミーではなかった!　あなたの知らない宇宙戦艦ヤマトの秘密・なぜ西崎義展は裁判で勝てたのか・なぜ松本零士は権利を主張できるのか	https://www.amazon.co.jp/dp/B08LC6MKVW	川俣晶	https://www.piedey.co.jp/blog/Content.modf?id=20210427184800	0
あなたの知らない宇宙戦艦ヤマトのヒットと没落の背景の泥沼	https://www.amazon.co.jp/dp/B0871KKFWG	川俣晶	https://www.piedey.co.jp/blog/Content.modf?id=20210427184800	0
全711点の著者、発行者別の網羅的な一覧・ヤマト商品が最も多かったのは西暦何年だった?　宇宙戦艦ヤマト・書籍・映像・音楽・楽譜一覧1974-2020 集計データの分析	https://www.amazon.co.jp/dp/B08HZ9881Z	川俣晶	https://www.piedey.co.jp/blog/Content.modf?id=20210427184800	0
宇宙戦艦ヤマト・書籍・映像・音楽・楽譜一覧1974-2020: 集計データの分析	https://www.amazon.co.jp/dp/B08HZ9881Z	川俣晶	https://www.piedey.co.jp/blog/Content.modf?id=20210427184800	0
宇宙戦艦ヤマトとその時代	https://www.amazon.co.jp/dp/B00MTVH236	川俣晶	https://www.piedey.co.jp/blog/Content.modf?id=20210427184800	0
70年代の闇・宇宙戦艦ヤマト神話の真実に切り込むノンフィクション・宇宙戦艦ヤマト・イズ・デッド Kindle版	https://www.amazon.co.jp/dp/B07BNPLVW9	川俣晶	https://www.piedey.co.jp/blog/Content.modf?id=20210427184800	0
14冊のロマンアルバムが語る・あなたの知らないロマンアルバム宇宙戦艦ヤマトの真実	https://www.amazon.co.jp/dp/B07F24TW97	川俣晶	https://www.piedey.co.jp/blog/Content.modf?id=20210427184800	0
あなたの知らない宇宙戦艦ヤマト著作権表記の真実　～70年代の知られざる泥沼～　【増補改訂版】	https://www.amazon.co.jp/dp/B07L2SX8WD	川俣晶	https://www.piedey.co.jp/blog/Content.modf?id=20210427184800	0
11台のN-BASIC搭載機を集めて差分を取った記録・あなたの知らないN-BASICの真実: PC-8001から98DO+まで	https://www.amazon.co.jp/dp/B07GDBVQ7Q	川俣晶	https://www.piedey.co.jp/blog/Content.modf?id=20210427184800	0
終末のターミナルモード・あなたの知らないN88-BASICの裏の顔	https://www.amazon.co.jp/dp/B07NPGNNTZ	川俣晶	https://www.piedey.co.jp/blog/Content.modf?id=20210427184800	0
8bitCPU時代のMicrosoft Basicの非互換迷宮 ~実装の非互換、マニュアルの誤記～ (PDミニブックシリーズ) Kindle版	https://www.amazon.co.jp/dp/B07NTPB6RM	川俣晶	https://www.piedey.co.jp/blog/Content.modf?id=20210427184800	0
"?1E0"の実行結果が食い違うMicrosoft Basic処理系が存在した!　PDミニブックシリーズ・8bitCPU時代のMicrosoft Basicの非互換迷宮2 ~ソースに指数は書けるか?～	https://www.amazon.co.jp/dp/B08T7YR9VT	川俣晶	https://www.piedey.co.jp/blog/Content.modf?id=20210427184800	0
8bitCPU時代のMicrosoft Basicの非互換迷宮3 ～FORの式評価順の非互換性～	https://www.amazon.co.jp/dp/B08XBRPL2K	川俣晶	https://www.piedey.co.jp/blog/Content.modf?id=20210427184800	0
国産初のパソコン・はじめてパーソナルコンピューターを自称した国産機は何か: それはPC-8001ではない	https://www.amazon.co.jp/dp/B07VQ3QVZ9	川俣晶	https://www.piedey.co.jp/blog/Content.modf?id=20210427184800	0
1970年代パソコンとBASICの歴史: Altair 8800やTK-80は始祖ではなかった	https://www.amazon.co.jp/dp/B07WCV1MFH	川俣晶	https://www.piedey.co.jp/blog/Content.modf?id=20210427184800	0
行先頭の属性の桁情報は無視される?　PC-8001におけるμPD3301のビックリドッキリな振る舞い	https://www.amazon.co.jp/dp/B07XNZHY1V	川俣晶	https://www.piedey.co.jp/blog/Content.modf?id=20210427184800	0
あなたの知らないWindowsの1980年代史: この世界は嘘だらけ	https://www.amazon.co.jp/dp/B07XX8FFPS	川俣晶	https://www.piedey.co.jp/blog/Content.modf?id=20210427184800	0
アスキーの創刊号の目次にTK-80の記事は一件もなかった。あなたの知らないTK-80の真実: 本当にそれはヒット商品だったのか?	https://www.amazon.co.jp/dp/B0817XLGGX	川俣晶	https://www.piedey.co.jp/blog/Content.modf?id=20210427184800	0
マイコンブームはTK-80以前から始まっていた?　あなたの知らない裏マイコン史: 最初に発売された国産マイクロコンピュータはTK-80ではない	https://www.amazon.co.jp/dp/B082636N1C	川俣晶	https://www.piedey.co.jp/blog/Content.modf?id=20210427184800	0
かつてマニアの世界では80派と68派という派閥が対立していた　エッセイ・80対68最強はどっちだ!　 1970年代レトロCPUアーキテクチャ対決!!	https://www.amazon.co.jp/dp/B0839G4ZQC	川俣晶	https://www.piedey.co.jp/blog/Content.modf?id=20210427184800	0
x86のルーツは電卓ではなくメインフレームにつながっていた　エッセイ・続・80対68最強はどっちだ!　Intel, Motorola, MS、ミニコンの息吹は誰に微笑んだのか?	https://www.amazon.co.jp/dp/B0B54MJJV4	川俣晶	https://www.piedey.co.jp/blog/Content.modf?id=20210427184800	0
知られざるH68シリーズの大家族!　あなたの知らないH68/TRの真実: パソコン雑誌が書かない大ファミリーの秘密	https://www.amazon.co.jp/dp/B08TVS4PFL	川俣晶	https://www.piedey.co.jp/blog/Content.modf?id=20210427184800	0
豪傑の時代の記録　パソコン通信の個人史・200bpsのDEMOS・恐竜惑星ファンが語る萌えの語源・そしてWindowsフォーラム最後の記録	https://www.amazon.co.jp/dp/B08DYB5RK9	川俣晶	https://www.piedey.co.jp/blog/Content.modf?id=20210427184800	0
PC-8001用DOS開発経験者が語る・パソコンOS設計論: なぜ超低機能MS-DOSが勝者になれるのか?	https://www.amazon.co.jp/dp/B08F45RY31	川俣晶	https://www.piedey.co.jp/blog/Content.modf?id=20210427184800	0
あなたの知らないPascalの歴史: Pascal対C【次世代高級言語闘争】	https://www.amazon.co.jp/dp/B08CMPQWC3	川俣晶	https://www.piedey.co.jp/blog/Content.modf?id=20210427184800	0
MSA対サザン、MS-C対Turbo C・勝者なきC言語80年代激闘史	https://www.amazon.co.jp/dp/B08CXV1NM3	川俣晶	https://www.piedey.co.jp/blog/Content.modf?id=20210427184800	0
存在しないはずのソフトが掲載された広告の真実を探る　PC-8001カセット版日本語ビジカルク: 表計算ソフト黎明期の過ぎさりし幻影	https://www.amazon.co.jp/dp/B08FJ1WYM1	川俣晶	https://www.piedey.co.jp/blog/Content.modf?id=20210427184800	0
突然「おまえAIをやれ」と言われて悪戦苦闘したドタバタ記・AIとリスト処理の80年代史・惨劇のプロローグ!　セルゲーム開幕!　アトム参戦!　メガセルの逆襲!	https://www.amazon.co.jp/dp/B08G11FLW6	川俣晶	https://www.piedey.co.jp/blog/Content.modf?id=20210427184800	0
PC-9801誕生N16-BASICからN88-BASIC(86)へ	https://www.amazon.co.jp/dp/B08G89HT57	川俣晶	https://www.piedey.co.jp/blog/Content.modf?id=20210427184800	0
あなたの知らないC言語誕生の秘密・BCPL, B, FORTH, GAME, TL/1型のない古代言語の世界	https://www.amazon.co.jp/dp/B08KL88BYH	川俣晶	https://www.piedey.co.jp/blog/Content.modf?id=20210427184800	0
ENIACからXMLへ　元XMLユーザーグループ会長が語るマークアップ言語とメタ言語の歴史	https://www.amazon.co.jp/dp/B08MJ7L9D7	川俣晶	https://www.piedey.co.jp/blog/Content.modf?id=20210427184800	0
We have no HUB!　あなたの知らないLAN黎明期の泥沼通信事情: XENIX、MS-Net、NetWare、そしてWFW	https://www.amazon.co.jp/dp/B08NVGYQLB	川俣晶	https://www.piedey.co.jp/blog/Content.modf?id=20210427184800	0
日本初のTVチューナー付きパソコンモニタ商品は何か: それはパソコンテレビX1ではない	https://www.amazon.co.jp/dp/B08R6R1LFH	川俣晶	https://www.piedey.co.jp/blog/Content.modf?id=20210427184800	0
オープンソース誕生前のソースコード公開運動　ソースコード公開の歴史: 公開するといいことあるよ!	https://www.amazon.co.jp/dp/B08RXXZW1L	川俣晶	https://www.piedey.co.jp/blog/Content.modf?id=20210427184800	0
かつて画面表示のためにCPUが止まるレトロPCがあった。CPUを止めるな!　爆発進化レトロPC画面表示回路の歴史	https://www.amazon.co.jp/dp/B08S6LNLH1	川俣晶	https://www.piedey.co.jp/blog/Content.modf?id=20210427184800	0
sed/awk/智子の情報に感動した思い出話・sed/awk使い乱世をまかり通る: テキスト文化対RDB文化百年戦争	https://www.amazon.co.jp/dp/B08BXVYCJ8	川俣晶	https://www.piedey.co.jp/blog/Content.modf?id=20210427184800	0
あなたは知っているか。知られざる超高速CPUが存在したことを!　あなたの知らないインテル製超高速プロセッサ・8080と同じ1974年に生まれた知られざるCPU	https://www.amazon.co.jp/dp/B0918F8K89	川俣晶	https://www.piedey.co.jp/blog/Content.modf?id=20210427184800	0
3DCGは機械が作ってるんじゃない!　人が作ってるんだ!　～PC-9801VM2、8087、LightWave、Poser、1979年から始まる3DCGの個人史～	https://www.amazon.co.jp/dp/B0981V7K3G	川俣晶	https://www.piedey.co.jp/blog/Content.modf?id=20210427184800	0
特に専門性の高いWindows雑誌が3誌競い合った時代・1991 Windows雑誌誕生: 日本Windows出版はじめて物語	https://www.amazon.co.jp/dp/B0995NPB28	川俣晶	https://www.piedey.co.jp/blog/Content.modf?id=20210427184800	0
世界初のVRAM製品、キャラジェネ製品はなんだ?　アメリカ人だってテレタイプは買えなかった・ビデオRAM、キャラクター・ジェネレータROMはじめて物語	https://www.amazon.co.jp/dp/B099QDPFSH	川俣晶	https://www.piedey.co.jp/blog/Content.modf?id=20210427184800	0
ケースに入っていないマイコンは本当に発展途上の不完全なパソコンなのか?　シースルー商品と部品が見えることの商品価値	https://www.amazon.co.jp/dp/B09BL78XNQ	川俣晶	https://www.piedey.co.jp/blog/Content.modf?id=20210427184800	0
1995 Linux対FreeBSD戦争勃発・僕のパソコンでUNIXが走るまで	https://www.amazon.co.jp/dp/B09DBDM1BT	川俣晶	https://www.piedey.co.jp/blog/Content.modf?id=20210427184800	0
Tiny BASICが産まれ、ついでにCOPYLEFTも産まれた。Tiny BASICの誕生・終焉・そして再生　なぜLevel-1 BASICはLevel-2と互換性がないのか	https://www.amazon.co.jp/dp/B09GPLHFZR	川俣晶	https://www.piedey.co.jp/blog/Content.modf?id=20210427184800	0
IT業界最大の未解決ミステリー: 1975年6月10日、誰が発売前のマイクロソフト製BASICのテープを盗んだのか?	https://www.amazon.co.jp/dp/B09L5QL5K2	川俣晶	https://www.piedey.co.jp/blog/Content.modf?id=20210427184800	0
黒船Javaが上陸して日本が震撼した頃、筆者はJavaに夢中だった。Javaが日本にやってきた ヤァ!ヤァ!ヤァ! Java狂想曲199X　僕がJavaに見捨てられるまで	https://www.amazon.co.jp/dp/B09NK782SY	川俣晶	https://www.piedey.co.jp/blog/Content.modf?id=20210427184800	0
1997年、あらゆる人類に音楽を開放する解放者は誕生した　NEW DANCE 1997: 音楽の解放者ループシーケンサー爆誕	https://www.amazon.co.jp/dp/B09Y3G6WVF	川俣晶	https://www.piedey.co.jp/blog/Content.modf?id=20210427184800	0
ソースコードの全体像が見えにくくなったらどうすればいい?　ステート集約プログラミング入門: ソフトの生産性を向上させる秘密のスパイス!	https://www.amazon.co.jp/dp/B084X4TQ1G	川俣晶	https://www.piedey.co.jp/blog/Content.modf?id=20210427184800	0
激闘オブジェクト指向猫戦記だにゃあ・猫でも分からないオブジェクト指向プログラミング	https://www.amazon.co.jp/dp/B086PJVKCB	川俣晶	https://www.piedey.co.jp/blog/Content.modf?id=20210427184800	0
ドラクエ2MSX版移植者が語る・ゲームデザイン・エッセイ・エトセトラ　～人生ゲームからドラクエ2まで～	https://www.amazon.co.jp/dp/B08CGKB38G	川俣晶	https://www.piedey.co.jp/blog/Content.modf?id=20210427184800	0
オンラインマルチプレイヤーRPGはWizardry以前に存在した。ドラクエ2MSX版移植者が語る・あなたの知らないコンピュータRPGの1970年代史　～始まりはWizardryでもUltimaでもなく……～	https://www.amazon.co.jp/dp/B0894MJ1X6	川俣晶	https://www.piedey.co.jp/blog/Content.modf?id=20210427184800	0
ENIX移植プログラマー戦記: ～TOKYO NAMPA STREETからドラクエ2まで～【増補改訂版】	https://www.amazon.co.jp/dp/B0857715TD	川俣晶	https://www.piedey.co.jp/blog/Content.modf?id=20210427184800	0
シェアワールドを実現するフレームワークの作り方　ドラクエ2MSX版移植者が語る・１バイトも書き換えずに拡張可能なゲームの作り方	https://www.amazon.co.jp/dp/B09KFYSC9K	川俣晶	https://www.piedey.co.jp/blog/Content.modf?id=20210427184800	0
ネット時代の歴史研究: 偉い先生に頼るな!　君こそ謎の答の発見者!!	https://www.amazon.co.jp/dp/B08R5GPP5P	川俣晶	https://www.piedey.co.jp/blog/Content.modf?id=20210427184800	0
本当に【いいもわるいもリモコンしだい】は理解されたのか。人はいつから【リモコン】という言葉を使うようになったのか?: 鉄人28号とリモコンの微妙な関係	https://www.amazon.co.jp/dp/B084MFG26H	川俣晶	https://www.piedey.co.jp/blog/Content.modf?id=20210427184800	0
日の丸絶対主義: 模型写真で振り返る日の丸傑作兵器101	https://www.amazon.co.jp/dp/B07FRJRB1H	川俣晶	https://www.piedey.co.jp/blog/Content.modf?id=20210427184800	0
日本の負け方・日本の勝ち方	https://www.amazon.co.jp/dp/B07Q1B8N7S	川俣晶	https://www.piedey.co.jp/blog/Content.modf?id=20210427184800	0
低賃金で働かせて低価格で売る。そんな話から急にマハーポーシャのことを思い出した。日本がマハーポーシャになる日: 麻原彰晃最後の勝利	https://www.amazon.co.jp/dp/B08437MYRB	川俣晶	https://www.piedey.co.jp/blog/Content.modf?id=20210427184800	0
玉電ミステリー・瀬田停留所が2つある!? (PDミニブックシリーズ) Kindle版	https://www.amazon.co.jp/dp/B075C6FGM4	川俣晶	https://www.piedey.co.jp/blog/Content.modf?id=20210427184800	0
野球は巨人・キャラメルは紅梅・謎は杉並大工場の所在地 (PDミニブックシリーズ) Kindle版	https://www.amazon.co.jp/dp/B075V33WRN	川俣晶	https://www.piedey.co.jp/blog/Content.modf?id=20210427184800	0
多摩動物公園建設を巡る謎への挑戦・京王帝国の興亡: 激動の多摩丘陵百年史	https://www.amazon.co.jp/dp/B07M5C2YKR	川俣晶	https://www.piedey.co.jp/blog/Content.modf?id=20210427184800	0
謎に包まれた琵琶滝駅・高尾山ケーブルカーの中間駅は本当にあったのか? Kindle版	https://www.amazon.co.jp/dp/B07N84XBGM	川俣晶	https://www.piedey.co.jp/blog/Content.modf?id=20210427184800	0
高尾山駅ミステリー・謎に包まれたもう1つの【高尾駅】は実在したか? (PDミニブックシリーズ)	https://www.amazon.co.jp/dp/B07PFRFV16	川俣晶	https://www.piedey.co.jp/blog/Content.modf?id=20210427184800	0
君はいくつ知っているか・京王と帝都の歴史とトリビア100+ Kindle版	https://www.amazon.co.jp/dp/B07SMV7GRF	川俣晶	https://www.piedey.co.jp/blog/Content.modf?id=20210427184800	0
ハイキングの歴史【改訂版】: 登山、行軍、そして探勝	https://www.amazon.co.jp/dp/B07PMDZR4X	川俣晶	https://www.piedey.co.jp/blog/Content.modf?id=20210427184800	0
多摩・八王子・拡張武蔵野(エクステンシノ): 国木田独歩没後111周年企画	https://www.amazon.co.jp/dp/B07RF6HWCS	川俣晶	https://www.piedey.co.jp/blog/Content.modf?id=20210427184800	0
プールの歴史: 井の頭の天然池ブール・多摩川遊泳場・そして金子の婦人専用プール	https://www.amazon.co.jp/dp/B07TYF36YC	川俣晶	https://www.piedey.co.jp/blog/Content.modf?id=20210427184800	0
食前食後にカルピスが出るぞ。カルピス飲んで朝ご飯・昭和10年8月井の頭公園のカルピス朝飯会	https://www.amazon.co.jp/dp/B07W3LMM81	川俣晶	https://www.piedey.co.jp/blog/Content.modf?id=20210427184800	0
大正のスポーツ万能の男勝り【御子柴初子】・実在した【はいからさん】が通る・水泳、陸上、女優、女将、水着表紙、結婚、離婚、男女差別を全て経験した少女	https://www.amazon.co.jp/dp/B07YSBNVMH	川俣晶	https://www.piedey.co.jp/blog/Content.modf?id=20210427184800	0
戦争はスポーツに何をもたらしたのか。戦時下のスポーツ: 戦争に祝福されたハイキング・排斥された女子水泳	https://www.amazon.co.jp/dp/B082HJFWGZ	川俣晶	https://www.piedey.co.jp/blog/Content.modf?id=20210427184800	0
昭和10年代。本当に排斥されたのは【敵の言葉】ではなかった。なぜドイツ語は敵性語なのか: あなたの知らない敵性語のもう1つの顔	https://www.amazon.co.jp/dp/B08KXWKY75	川俣晶	https://www.piedey.co.jp/blog/Content.modf?id=20210427184800	0
書誌情報から読み解く【真の軍神ナンバーワン】は誰か　乃木希典は本当に軍神だったのか?　幻に包まれた軍神の歴史	https://www.amazon.co.jp/dp/B08LP9Y431	川俣晶	https://www.piedey.co.jp/blog/Content.modf?id=20210427184800	0
夢の昭和20年代・経済は最低だが最先端文化に日本が浸った時代	https://www.amazon.co.jp/dp/B08R2N5PXZ	川俣晶	https://www.piedey.co.jp/blog/Content.modf?id=20210427184800	0
PDミニブックシリーズ・第2次大戦最後の水上戦闘”Battle of Tokyo Bay” Kindle版	https://www.amazon.co.jp/dp/B01N5JSEX2	川俣晶	https://www.piedey.co.jp/blog/Content.modf?id=20210427184800	0
歴史ノンフィクション・最も短い分水のミステリー　最短の分水の大きな謎・玉川上水下高井戸分水 (PDミニブックシリーズ) Kindle版	https://www.amazon.co.jp/dp/B071JNH8RH	川俣晶	https://www.piedey.co.jp/blog/Content.modf?id=20210427184800	0
土木マジック!　その道路、昔は小川だったんです!!: 河川・水路跡の探し方	https://www.amazon.co.jp/dp/B089LJQHYK	川俣晶	https://www.piedey.co.jp/blog/Content.modf?id=20210427184800	0
1950年代日本のUFO界とSF界の同床異夢・UFOと夢中・あなたの知らない日本SF誕生の秘密: トンデモとSFが一体だった時代	https://www.amazon.co.jp/dp/B091PFLD8B	川俣晶	https://www.piedey.co.jp/blog/Content.modf?id=20210427184800	0
京王は野猿峠を目指した。西武は奥武蔵を目指した。では小田急はどこを目指したのか。箱根ではなかった!　昭和10～30年代に京王、小田急、西武は登山/ハイキング客をどこに運ぼうとしていたか?	https://www.amazon.co.jp/dp/B095C231GG	川俣晶	https://www.piedey.co.jp/blog/Content.modf?id=20210427184800	0
1958年、西新宿に陸軍キャバレーが出現した。店員が軍服を着て軍隊風に接客するが女の子はチャイナスタイルのクーニャン部隊!　1958年・陸軍キャバレー海軍キャバレー野球キャバレーの時代	https://www.amazon.co.jp/dp/B09748R2CQ	川俣晶	https://www.piedey.co.jp/blog/Content.modf?id=20210427184800	0
特撮169本のミーハー感想文。特撮VFX映画エッセイ2014トクサツ大好き!: 戦艦大和1953からゴジラ2014まで169本	https://www.amazon.co.jp/dp/B08DNZS51Z	川俣晶	https://www.piedey.co.jp/blog/Content.modf?id=20210427184800	0
2001年宇宙の旅に仕込まれた破滅の罠　～影響を受けた作品群が抱えた憧れ・天国・そして地獄～	https://www.amazon.co.jp/dp/B07PJMQVQF	川俣晶	https://www.piedey.co.jp/blog/Content.modf?id=20210427184800	0
カムバック1983・不発の大作【ゴーバリアン】の大研究【前編】	https://www.amazon.co.jp/dp/B01MZ3R5PH	川俣晶	https://www.piedey.co.jp/blog/Content.modf?id=20210427184800	0
カムバック1983・不発の大作【ゴーバリアン】の大研究【後編】	https://www.amazon.co.jp/dp/B01MZ3QY3R	川俣晶	https://www.piedey.co.jp/blog/Content.modf?id=20210427184800	0
VS映画にはVS映画の独自の面白さがある!　スーパー戦隊、イナダン・VS映画はなぜ面白いのか: VSものという映画ジャンルの一考察	https://www.amazon.co.jp/dp/B0874QKW8W	川俣晶	https://www.piedey.co.jp/blog/Content.modf?id=20210427184800	0
映画で見たあの素敵な場所を突き止めよう!　映画のロケ地探索入門・トッキュウ1号がスカイツリーを見上げた公園はここだ!	https://www.amazon.co.jp/dp/B09DSHXJ3W	川俣晶	https://www.piedey.co.jp/blog/Content.modf?id=20210427184800	0
大ヒットアニメ・CAT'S EYEは、エアロビクスのブームを強烈に後押しした。そして、一般女性までがレオタードに興味を抱いた! LEOTARD ANIME 198X・一般女性が誰しもレオタードに憧れた時代	https://www.amazon.co.jp/dp/B09ZYH6LX3	川俣晶	https://www.piedey.co.jp/blog/Content.modf?id=20210427184800	0
その時、筆者は見た。巨大ロボットがアニメの大地に立った　テレビまんが思い出話・ロボットアニメ誕生　アトム・鉄人・マジンガー・ガンダム	https://www.amazon.co.jp/dp/B0B6JF1GGK	川俣晶	https://www.piedey.co.jp/blog/Content.modf?id=20210427184800	0
あなたの知らない日本模型飛行機史・ラジコンでもUコンでもないGコン、ボタン1つで飛ばす1チャンネルRC飛行機	https://www.amazon.co.jp/dp/B08R18CQ2Y	川俣晶	https://www.piedey.co.jp/blog/Content.modf?id=20210427184800	0
プラモ作ると楽しいよ。ウォーターラインシリーズの戦艦大和を二晩で作ってみた: 大和級戦時急造法	https://www.amazon.co.jp/dp/B08GJL1S5D	川俣晶	https://www.piedey.co.jp/blog/Content.modf?id=20210427184800	0
プラモデルの船は水に浮かべて遊ぶのが普通だった時代。僕の大和が多摩川を航行した!　～船の模型が水に浮かんだ時代・70年代プラモ思い出エッセイ～	https://www.amazon.co.jp/dp/B08N1MG5N1	川俣晶	https://www.piedey.co.jp/blog/Content.modf?id=20210427184800	0
70年代鉄道模型の思い出を語ろう。思い出の鉄道模型1970: 関水金属キハ20系のツートンカラーの奇跡	https://www.amazon.co.jp/dp/B09HZXT73X	川俣晶	https://www.piedey.co.jp/blog/Content.modf?id=20210427184800	0
カムバック70年代。トミーナインスケールの思い出。Nゲージの夜明け・トミー　ナインスケールとCタイプディーゼルの国境を越えた真実	https://www.amazon.co.jp/dp/B09JC51KCL	川俣晶	https://www.piedey.co.jp/blog/Content.modf?id=20210427184800	0
60/70年代鉄道模型コントローラーの歴史: 棒を立てるだけで往復運転できたOゲージからNゲージ誕生まで	https://www.amazon.co.jp/dp/B09JMK5NP8	川俣晶	https://www.piedey.co.jp/blog/Content.modf?id=20210427184800	0
D51炭水車 8-20Bとは何か: D51を侮る者はD51に泣く	https://www.amazon.co.jp/dp/B01MYG5JUJ	川俣晶	https://www.piedey.co.jp/blog/Content.modf?id=20210427184800	0
国鉄型蒸気機関車の炭庫水マキ管の形状研究序論 (PDミニブックシリーズ) Kindle版	https://www.amazon.co.jp/dp/B07389G16S	川俣晶	https://www.piedey.co.jp/blog/Content.modf?id=20210427184800	0
東京近郊保存蒸気機関車全42両総巡り　目撃せよ・黒き鋼鉄の野獣達の亡骸を	https://www.amazon.co.jp/dp/B096Q9LLH5	川俣晶	https://www.piedey.co.jp/blog/Content.modf?id=20210427184800	0
それは誰が何のために運行したのか?　1970年日本全国をまわったカラフル列車・日立ポンパ号の謎	https://www.amazon.co.jp/dp/B09M8N1D2Y	川俣晶	https://www.piedey.co.jp/blog/Content.modf?id=20210427184800	0
写真エッセイ・1993年から来た27枚の鉄道写真: 京王5000/6000系、JR201/165系の記憶	https://www.amazon.co.jp/dp/B09SYSTH4B	川俣晶	https://www.piedey.co.jp/blog/Content.modf?id=20210427184800	0
300字小説の書き方入門: 目指せネットのミニ文豪【増補改訂版】	https://www.amazon.co.jp/dp/B08771N99C	川俣晶	https://www.piedey.co.jp/blog/Content.modf?id=20210427184800	0
140文字小説入門 小説ハウツーシリーズ	https://www.amazon.co.jp/dp/B01N5MBGEO	川俣晶	https://www.piedey.co.jp/blog/Content.modf?id=20210427184800	0
物語を正しく作って作品をパワーアップしよう!　人を魅了する物語の作り方　ゲームクリエイター、漫画家、小説家、シナリオライターを目指す君を飛躍させる秘伝の書	https://www.amazon.co.jp/dp/B08JKGB4H4	川俣晶	https://www.piedey.co.jp/blog/Content.modf?id=20210427184800	0
宇宙の覇権は君の手の中に・宇宙戦艦の作り方入門	https://www.amazon.co.jp/dp/B098J8NSLR	川俣晶	https://www.piedey.co.jp/blog/Content.modf?id=20210427184800	0
妖怪殺人事件	https://www.amazon.co.jp/dp/B01N30TGLS	川俣晶	https://www.piedey.co.jp/blog/Content.modf?id=20210427184800	0
小説・Windows殺人事件【Kindle版】発売中。	http://www.amazon.co.jp/dp/B01E565RCA	川俣晶	https://www.piedey.co.jp/blog/Content.modf?id=20210427184800	0
デスマーチの開発プロジェクトを管理する女性は叫ぶ　小説・電子商取引殺人事件【Kindle版】発売中。	http://www.amazon.co.jp/dp/B01E380GO4	川俣晶	https://www.piedey.co.jp/blog/Content.modf?id=20210427184800	0
電子出版黎明期、男達は電子出版の是非を激論する。小説・電子出版殺人事件【Kindle版】発売中。	http://www.amazon.co.jp/dp/B01E25PCNS	川俣晶	https://www.piedey.co.jp/blog/Content.modf?id=20210427184800	0
ビデオデッキに夢をかけた狂気の始まりから終わりまで。ビデオデッキ狂時代: VHSβ8mmHDD計20台以上を買い込み、7台を同時稼動させた男	https://www.amazon.co.jp/dp/B07LCPRP2Y	川俣晶	https://www.piedey.co.jp/blog/Content.modf?id=20210427184800	0
変なCDコレクター1990　サントラよりイメージアルバムを買う男　わが青春の90年代CD買い物記	https://www.amazon.co.jp/dp/B09G2PPTTN	川俣晶	https://www.piedey.co.jp/blog/Content.modf?id=20210427184800	0
ビットコイン日記: 僕が6000円を稼ぐまで (PDミニブックシリーズ) Kindle版	https://www.amazon.co.jp/dp/B0783RVV4T	川俣晶	https://www.piedey.co.jp/blog/Content.modf?id=20210427184800	0
建物ミーハーの筆者が、有名無名美麗面白の建物を100紹介する。東京建築物百景: 美しい建物・面白い建物	https://www.amazon.co.jp/dp/B08WHLF871	川俣晶	https://www.piedey.co.jp/blog/Content.modf?id=20210427184800	0
アパートの階段はバリエーション無限大!　アパートの階段: 趣味の階段観察録	https://www.amazon.co.jp/dp/B0B5DMM8FB	川俣晶	https://www.piedey.co.jp/blog/Content.modf?id=20210427184800	0
猫は気まぐれ。様々なトークの数々101。黒猫(ジジ)放談2009【新訂版】 ～IT技術、アニメ、マンガ、ゲーム、戦争、歴史、トンデモ・101コラム大行進～	https://www.amazon.co.jp/dp/B08LYFH5VX	川俣晶	https://www.piedey.co.jp/blog/Content.modf?id=20210427184800	0
騙し方入門: 騙されない人になる方法	https://www.amazon.co.jp/dp/B07XCZ41HY	川俣晶	https://www.piedey.co.jp/blog/Content.modf?id=20210427184800	0
図書館のSFっぽいタイトルの本を【全部】読んだ思い出　60/70/80年代 SF小説読書エッセイ: まだ火星にプリンセスがいた時代	https://www.amazon.co.jp/dp/B092SL4MBY	川俣晶	https://www.piedey.co.jp/blog/Content.modf?id=20210427184800	0
子供の頃、僕は電子ブロックに夢中だった　1970年代・僕の電子ブロック物語: ゲルマラジオは夢のラジオ!	https://www.amazon.co.jp/dp/B09N9D5VPV	川俣晶	https://www.piedey.co.jp/blog/Content.modf?id=20210427184800	0
さあ、君も夢一杯の映画館に行こう。僕の映画入門記: 君も映画にはまってみない?	https://www.amazon.co.jp/dp/B09NTQY413	川俣晶	https://www.piedey.co.jp/blog/Content.modf?id=20210427184800	0
アタマとカラダで理解する！コンピュータプログラムはどのように動くのか？　技術評論社　ISBN978-4-7741-9499-8	http://gihyo.jp/book/2018/978-4-7741-9499-8	川俣晶	https://www.piedey.co.jp/blog/Content.modf?id=20210427184800	0
その常識はもう古い!　ソースはもっと短くなる!　C#ショートコードプログラミング　第3版	https://www.amazon.co.jp/dp/4822253732	川俣晶	https://www.piedey.co.jp/blog/Content.modf?id=20210427184800	0
単行本・[完全版] 究極のC#プログラミング ~新スタイルによる実践的コーディング	https://gihyo.jp/book/2009/978-4-7741-3862-6	川俣晶	https://www.piedey.co.jp/blog/Content.modf?id=20210427184800	0
進路変更、緯度ゼロ!〔完全解説〕 地理情報プログラミングの基本と応用	http://www.amazon.co.jp/dp/4774153435	川俣晶	https://www.piedey.co.jp/blog/Content.modf?id=20210427184800	0
デバッグスター君と一緒にデバッグの星を目指せ　C#プログラマーのためのデバッグの基本&応用テクニック	https://www.amazon.co.jp/dp/4774184675	川俣晶	https://www.piedey.co.jp/blog/Content.modf?id=20210427184800	0
スマホのWebブラウザでその日からC#入門　スマホで始めるC#入門 (日経BP)	https://www.amazon.co.jp/dp/4822298922	川俣晶	https://www.piedey.co.jp/blog/Content.modf?id=20210427184800	0
[完全版] C#実践ダイナミックプログラミング	https://www.amazon.co.jp/dp/4774148334	川俣晶	https://www.piedey.co.jp/blog/Content.modf?id=20210427184800	0
C言語教科書【入門編】	https://www.amazon.co.jp/dp/4822284212	川俣晶	https://www.piedey.co.jp/blog/Content.modf?id=20210427184800	0
C言語教科書【上達編】 誰でもわかる!C言語ベテラン技	https://www.amazon.co.jp/dp/4774148334	川俣晶	https://www.piedey.co.jp/blog/Content.modf?id=20210427184800	0
デスクトップ用のコードをWebで使う　Ｃ# 6 実践的プログラミング［入門］講座	http://www.amazon.co.jp/dp/4774175943	川俣晶	https://www.piedey.co.jp/blog/Content.modf?id=20210427184800	0
入門書にプラスアルファが欲しい人へ　C#プログラミングの冒険 [実践編] ――ただ書けるだけじゃ物足りない!!	http://www.amazon.co.jp/dp/4774172464	川俣晶	https://www.piedey.co.jp/blog/Content.modf?id=20210427184800	0
UIのデザインを改めて考えてみよう　〔重点〕これからのUIの教科書 ~ユーザーインターフェース設計入門	http://www.amazon.co.jp/dp/4774159395	川俣晶	https://www.piedey.co.jp/blog/Content.modf?id=20210427184800	0
ファイル名CONのファイルは作成できなかった。なぜなのか?　.NETのPathプログラミングA to Z ～おっとそのファイル・パスは安全か?～	https://www.amazon.co.jp/dp/B0B8X4ZX1N	川俣晶	https://www.piedey.co.jp/blog/Content.modf?id=20210427184800	0
TAB(100)なのに20個しか空白が表示されない!　8bitCPU時代のMicrosoft Basicの非互換迷宮4 ～TABの非互換と正しい動作の迷宮～	https://www.amazon.co.jp/dp/B0BCW41R7M	川俣晶	https://www.piedey.co.jp/blog/Content.modf?id=20210427184800	0
機種非依存とコードの解放史: プログラムよハードソフトから自由になれ	https://www.amazon.co.jp/dp/B0BF4QZ3QH	川俣晶	https://www.piedey.co.jp/blog/Content.modf?id=20210427184800	0
スクリプト感覚でお手軽シンプル静的なプログラミング!　C# staticプログラミング入門: 高効率なシンプルさに投げKISS!	https://www.amazon.co.jp/dp/B0BH2H2BGT	川俣晶	https://www.piedey.co.jp/blog/Content.modf?id=20210427184800	0
小学館ワイドカラー版少年少女世界の名作の思い出: 松本零士、武部本一郎、依光隆、金森達、村上勉、高橋真琴の大迫力	https://www.amazon.co.jp/dp/B0BHVBQC4D	川俣晶	https://www.piedey.co.jp/blog/Content.modf?id=20210427184800	0
1996年レースクイーン雑誌は誕生した。なぜ生まれたのか。どんな雑誌があったのか。1996レースクイーン雑誌誕生: ギャルパラ、Super Queen、そして美女達はカタログ化された	https://www.amazon.co.jp/dp/B0BK67Y4TZ	川俣晶	https://www.piedey.co.jp/blog/Content.modf?id=20210427184800	0
男で立ち入ると命が危ない。銀河警察の捜査官は女の身体を使って惑星に降り立った。だがそれは野蛮な男達に犯されまくることと意味した。ＴＳ捜査官シラヌノ1・無法惑星フロンティアの掟【男は殺せ・女は犯せ】　#TSF #性転換	https://www.amazon.co.jp/dp/B07WS1WLRC	安芸育	https://www.piedey.co.jp/blog/Content.modf?id=20210426085706	1
女の身体に入って降り立った惑星は、【拉致】【強姦】【気持ちE】の無法惑星だった。今日も男達に輪姦されて昇天する。ＴＳ捜査官シラヌノ２・無法惑星フロンティアの闇【絶対服従の全裸拘束】　#TSF #性転換	https://www.amazon.co.jp/dp/B07WYZB9HH	安芸育	https://www.piedey.co.jp/blog/Content.modf?id=20210426085706	1
またしても【拉致】【強姦】【気持ちE】のトリプルコンボの繰り返しでシラヌノは何度も昇天する。ＴＳ捜査官シラヌノ３・無法惑星フロンティアの淫【無限に続く拉致強姦】	https://www.amazon.co.jp/dp/B07WPTPGV3	安芸育	https://www.piedey.co.jp/blog/Content.modf?id=20210426085706	1
オレは密かにセクサロイドのコユキと身体を交換して、性欲処理係なって快楽昇天した。ＴＳ捜査官シリーズ４・ＴＳセクサロイド・コユキ　人工性奴隷と意識を交換したマゾのオレ　#TSF #性転換	https://www.amazon.co.jp/dp/B07X1Z23F2	安芸育	https://www.piedey.co.jp/blog/Content.modf?id=20210426085706	1
女の子になる夢を叶えるためにオレは金玉超特急スリーボイン号に乗った。　ＴＳ捜査官シリーズ５・金玉鉄道スリーボイン　君も性転換で娼婦になろう！　機械の娼婦の体をタダでくれる星　#TSF #性転換	https://www.amazon.co.jp/dp/B07X5LS28W	安芸育	https://www.piedey.co.jp/blog/Content.modf?id=20210426085706	1
オレは、かつての恋人の最高の肉体に心を入れられて、かつての恋敵に犯されて昇天した。ＴＳ捜査官シリーズ６　日本人娼婦化計画・男も女の体になって娼婦になれ　#TSF #性転換	https://www.amazon.co.jp/dp/B07XBLFGYN	安芸育	https://www.piedey.co.jp/blog/Content.modf?id=20210426085706	1
女の子になる夢を変身させる能力を持ったイヴという謎の女が叶えてくれた。ＴＳ捜査官シリーズ７　性転換凡人伝・大四畳半の性交大昇天物語　#TSF #性転換	https://www.amazon.co.jp/dp/B07XJHDQF9	安芸育	https://www.piedey.co.jp/blog/Content.modf?id=20210426085706	1
ＴＳ捜査官シラヌノが語る四つの秘密のセックス冒険物語・ＴＳ捜査官シラヌノ８・無法惑星フロンティアの滴【拉致輪姦・快楽昇天】　#TSF #性転換	https://www.amazon.co.jp/dp/B07Y7ZVX89	安芸育	https://www.piedey.co.jp/blog/Content.modf?id=20210426085706	1
セクサロイドの頭脳に僕は意識を転送した。夢の女の子人生の始まりだ。ＴＳ捜査官シリーズ９　夢の快楽昇天・格安で中古セクサロイドの身体を買って自分の意識を転送した僕  #TSF #性転換	https://www.amazon.co.jp/dp/B07YR9CXTL	安芸育	https://www.piedey.co.jp/blog/Content.modf?id=20210426085706	1
アパートに届いた箱には全裸の美少女が入っていた。ＴＳ捜査官シリーズ１０　セクサロイドール・僕は美少女愛玩人形　#TSF #性転換	https://www.amazon.co.jp/dp/B08477P363	安芸育	https://www.piedey.co.jp/blog/Content.modf?id=20210426085706	1
不潔な男性器は登場しません!　百合SMのパラダイス!　緊縛されたハニーの裸身に女教師の鞭が振り下ろされる!　ＴＳ捜査官シリーズ１１　キューティーハニーハニーの素敵な冒険・潜入志願！　女学院レズ折檻地獄	https://www.amazon.co.jp/dp/B084C1Z73M	安芸育	https://www.piedey.co.jp/blog/Content.modf?id=20210426085706	1
事故に遭った瀕死の僕は意識をセクサロイドの身体に転送された。ミラクル能力でリミットを目指せ!　ＴＳ捜査官シリーズ１２　フェラする少女リミッ子ちゃん・目ざめるとセクサロイドになっていたミラクルな僕	https://www.amazon.co.jp/dp/B084GLDCT5	安芸育	https://www.piedey.co.jp/blog/Content.modf?id=20210426085706	1
僕は機械の女忍者Qノ一に意識を転送された。ＴＳ捜査官シリーズ１３　宇宙からのゼロゼロＱノ１・銀河変態戦　ＴＳ女忍者捕獲拷問快楽責め	https://www.amazon.co.jp/dp/B08525Z2V3	安芸育	https://www.piedey.co.jp/blog/Content.modf?id=20210426085706	1
ふたなり美少女から搾乳する牧場に私は【雌牛】として潜入した。ＴＳ捜査官シリーズ１４　太陽の王女ホルスタインの大冒険　ふなたり爆乳巨根王女の搾乳調教志願！	https://www.amazon.co.jp/dp/B085BKF491	安芸育	https://www.piedey.co.jp/blog/Content.modf?id=20210426085706	1
あらゆる肌の色の男達がドリスの素肌に群がる!　ＴＳ捜査官シリーズ１５　性転換薬を飲んでハワイに行こう　水着ＴＳ美少女ドリスの多人種ハメハメ大乱行	https://www.amazon.co.jp/dp/B085WXBQDS	安芸育	https://www.piedey.co.jp/blog/Content.modf?id=20210426085706	1
シラヌノは全裸開脚されて穴の奧まで覗かれた・他3本の短編集　ＴＳ捜査官シラヌノ１６・無法惑星フロンティアの交【強制合体・昇天地獄】	https://www.amazon.co.jp/dp/B086JQJNYS	安芸育	https://www.piedey.co.jp/blog/Content.modf?id=20210426085706	1
拉致されて輪姦される係として僕はヘソ出しセクシー捜査官になった。ＴＳ捜査官シリーズ１７　ヌーディーペアの大乱行	https://www.amazon.co.jp/dp/B086VX53DD	安芸育	https://www.piedey.co.jp/blog/Content.modf?id=20210426085706	1
オレは悪の組織に電子頭脳を改造されペニスが好きになってしまった!　ＴＳ捜査官シリーズ１８　ロボット刑事ケイコ・絶頂！　強制メス墜ち捜査官	https://www.amazon.co.jp/dp/B089G9N1S5	安芸育	https://www.piedey.co.jp/blog/Content.modf?id=20210426085706	1
TS母シラヌノとTS娘ケイは、親子どんぶりマニアに二人同時に種付けされた!　ＴＳ捜査官シラヌノ１９・無法惑星フロンティアの丼【母娘連縛・快楽飼育】	https://www.amazon.co.jp/dp/B08BR8PKCQ	安芸育	https://www.piedey.co.jp/blog/Content.modf?id=20210426085706	1
「検事くん、あーそびーましょ」目が覚めたら俺はセクサロイドになっていた。ＴＳ捜査官シリーズ２０　２０世紀性転換少年・未来世界で女の子になった俺	https://www.amazon.co.jp/dp/B08BWL5Z5W	安芸育	https://www.piedey.co.jp/blog/Content.modf?id=20210426085706	1
刑事ロボだった俺は間違って巨乳ロボとして修復されてしまった。ＴＳ捜査官シリーズ２１　テクノポロリ２１Ｃ・爆乳美少女ロボだらけの水泳大会・ポロリもあるよ	https://www.amazon.co.jp/dp/B08BZBVQTW	安芸育	https://www.piedey.co.jp/blog/Content.modf?id=20210426085706	1
憧れの女性教師が深夜の公園で全裸首輪散歩させられていた。僕は先生と同じになりたいと思った。ＴＳ捜査官シリーズ２２　女体化調教志願グエンドリス	https://www.amazon.co.jp/dp/B08C53RNX1	安芸育	https://www.piedey.co.jp/blog/Content.modf?id=20210426085706	1
娘のミハを助けるために新しい肉体を得て冒険に乗り出すシラヌノ!　だが、セックスの快楽に任務を忘れた!　ＴＳ捜査官シラヌノ２３・強制絶頂・異次元フロンティア・拉致強姦の新世界	https://www.amazon.co.jp/dp/B08CCWQ865	安芸育	https://www.piedey.co.jp/blog/Content.modf?id=20210426085706	1
拉致強姦されるＴＳ捜査官シラヌノの4つの冒険。シラヌノは今日も男の下で行く!　ＴＳ捜査官シラヌノ２４・強制挿入・異次元フロンティア・拉致強姦の輪姦魔	https://www.amazon.co.jp/dp/B08JG3KP8X	安芸育	https://www.piedey.co.jp/blog/Content.modf?id=20210426085706	1
シラヌノは娘を助けるためにハメラルダスの性奴隷調教に志願した　ＴＳ捜査官シラヌノ２５・強制快楽・異次元フロンティア・拉致強姦の桃源郷	https://www.amazon.co.jp/dp/B08RNBZLNF	安芸育	https://www.piedey.co.jp/blog/Content.modf?id=20210426085706	1
性転換して美少女化したシラヌノは同窓会で身体検査された。「本当に穴があるか脱いで見せろ」　ＴＳ捜査官シラヌノ２６・ＴＳ捜査官の強制輪姦同窓会・旧友たちの肉奴隷	https://www.amazon.co.jp/dp/B08S41PR8K	安芸育	https://www.piedey.co.jp/blog/Content.modf?id=20210426085706	1
ノーパン・ウェディングドレスのシラヌノは、村人全員と結婚し、性奴隷となることを誓った!　ＴＳ捜査官シラヌノ２７・強制首輪拘束結婚・出席者全員花嫁種付け輪姦	https://www.amazon.co.jp/dp/B08SVYC4Z6	安芸育	https://www.piedey.co.jp/blog/Content.modf?id=20210426085706	1
「おまえは剥製にして未来永劫辱めてやる」と言われたマゾのシラヌノは股間を濡らした!　ＴＳ捜査官シラヌノ２８・秘密海底都市の性奴隷市・目玉商品はＴＳ捜査官！	https://www.amazon.co.jp/dp/B08T8J5DTC	安芸育	https://www.piedey.co.jp/blog/Content.modf?id=20210426085706	1
「息子に相応しい女か確かめる」義父が息子の婚約者に今挿入する!　ＴＳ捜査官シラヌノ２９・義父強制挿入！　婚約者シラヌノ涙の快楽試練！	https://www.amazon.co.jp/dp/B08TTJ9J5C	安芸育	https://www.piedey.co.jp/blog/Content.modf?id=20210426085706	1
美しきTS新妻に群がる間男達!　ＴＳ捜査官シラヌノ３０・快楽調教ＴＳ人妻捜査官・夫のことなんか忘れちゃったわ！	https://www.amazon.co.jp/dp/B08VD7RGFV	安芸育	https://www.piedey.co.jp/blog/Content.modf?id=20210426085706	1
ＴＳ捜査官シラヌノ３１・カウパー旅行記・セクサロイド悶絶、四つの新しい快楽世界	https://www.amazon.co.jp/dp/B08XNHW3JG	安芸育	https://www.piedey.co.jp/blog/Content.modf?id=20210426085706	1
ジャングルに不時着したシラヌノの穴をねらって襲ってくる巨大類人猿達!　ＴＳ捜査官シラヌノ３２・毛皮ビキニ女ターザンＴＳ捜査官・巨大類人猿輪姦	https://www.amazon.co.jp/dp/B09437JFKN	安芸育	https://www.piedey.co.jp/blog/Content.modf?id=20210426085706	1
暴力団幹部のマゾ奴隷に志願したＴＳ捜査官は調教の一環でモンスターに丸呑みされた!　ＴＳ捜査官シラヌノ３３・丸呑み調教・モンスターの体内でシラヌノ連続絶頂	https://www.amazon.co.jp/dp/B097221M74	安芸育	https://www.piedey.co.jp/blog/Content.modf?id=20210426085706	1
シラヌノが邪教の教祖に洗脳され、何でも命令に従う肉奴隷にされてしまった!　ＴＳ捜査官シラヌノ３４・邪教に洗脳された肉奴隷ＴＳ捜査官・教祖様に御奉仕できて幸せ♥	https://www.amazon.co.jp/dp/B099WHYFYW	安芸育	https://www.piedey.co.jp/blog/Content.modf?id=20210426085706	1
未来の世界はザーメンの海があり、ザーメン人類が泳いでいた!　ＴＳ捜査官シラヌノ３５・ミライザーメン・未来世界のスペルマ昇天	https://www.amazon.co.jp/dp/B09CD2X28X	安芸育	https://www.piedey.co.jp/blog/Content.modf?id=20210426085706	1
性転換はそんなに気持ちが良いのか。部長は試してメス墜ちした!　ＴＳ捜査官シラヌノ36・ピンクパンチ深也美・パンチシター部長性転換メス墜ち!	https://www.amazon.co.jp/dp/B09H5J6Q8L	安芸育	https://www.piedey.co.jp/blog/Content.modf?id=20210426085706	1
私はセクサロイドになる!　拉致、強姦、気持ちEの世界で生きる!　ＴＳ捜査官シラヌノ３７・ピンクパンチ深也美・もう戻れない絶頂性奴隷調教！	https://www.amazon.co.jp/dp/B09QQR5Y54	安芸育	https://www.piedey.co.jp/blog/Content.modf?id=20210426085706	1
マゾ女捜査官はセクサロイド専用レオタードを着て、男達の御奉仕係に志願した　ＴＳ捜査官シラヌノ38・陵辱志願者レイ・女捜査官は御奉仕マゾ奴隷	https://www.amazon.co.jp/dp/B0B4N7NSF5	安芸育	https://www.piedey.co.jp/blog/Content.modf?id=20210426085706	1
未来の技術で僕は女の子になった。目的は指定男性の精液採取だ!　ＴＳ捜査官シラヌノ３９／現代編その１・未来の技術で僕は女の子になるの！	https://www.amazon.co.jp/dp/B0B5SDMNQ3	安芸育	https://www.piedey.co.jp/blog/Content.modf?id=20210426085706	1
マコは目隠し拘束状態で行きずりの見ず知らずの男に貫かれ、弟に覗かれながら処女喪失昇天した!　如月麻子調教日記１　マコ強制緊縛処女喪失命令	https://www.amazon.co.jp/dp/B09YPN95FG	安芸育	https://www.piedey.co.jp/blog/Content.modf?id=20210426085706	1
弟の筆降ろし権を巡ってマゾのセックス勝負が始まった　如月麻子調教日記２・近親相姦姉弟筆降ろし命令	https://www.amazon.co.jp/dp/B0B2VH8435	安芸育	https://www.piedey.co.jp/blog/Content.modf?id=20210426085706	1
奨学金を受ける条件は女装だった。孤児の僕にはそれを拒否できなかった。女装学生ヒカリ拘束: 僕のアレながおじさん	https://www.amazon.co.jp/dp/B07BWJMY2S	安芸育	https://www.piedey.co.jp/blog/Content.modf?id=20210426085706	1
僕はスペルマ溢れる夢の世界ネバネバランドでピーターパンチラになって、ハナフック船長と対決した。女装名作劇場・永遠の女装少年ピーターパンチラの冒険	https://www.amazon.co.jp/dp/B07C626G73	安芸育	https://www.piedey.co.jp/blog/Content.modf?id=20210426085706	1
彼に残されたのは学芸会の演劇用に用意したセーラー服だけだった。女装名作劇場・小公女装セーラー: イジメ学園の強制快楽調教	https://www.amazon.co.jp/dp/B07D2JDTQR	安芸育	https://www.piedey.co.jp/blog/Content.modf?id=20210426085706	1
僕は露天風呂の水着女装でメス墜ちした。女装名作劇場・ふしぎな女装のお風呂ね: 僕のメス墜ち快楽マゾ日記	https://www.amazon.co.jp/dp/B07DLH2S66	安芸育	https://www.piedey.co.jp/blog/Content.modf?id=20210426085706	1
7つのティムコと7つの玉と7つの海が女装者を呼ぶ!女装名作劇場・七つの海のティムコ: 冒険は水着女装で	https://www.amazon.co.jp/dp/B07DW7HNR4	安芸育	https://www.piedey.co.jp/blog/Content.modf?id=20210426085706	1
女装をした僕は女として男に寝取られた・女装少年ドラマシリーズ・寝取られた学園　メス墜ち女装生徒会長の絶頂射精	https://www.amazon.co.jp/dp/B081H9DBLS	安芸育	https://www.piedey.co.jp/blog/Content.modf?id=20210426085706	1
転校生は女装マゾだった。彼に誘惑された僕は秘密の世界に足を踏み入れた。女装少年ドラマシリーズ・マゾの転校生: 僕と一緒に女装性奴隷にならないか？	https://www.amazon.co.jp/dp/B081VMYKW4	安芸育	https://www.piedey.co.jp/blog/Content.modf?id=20210426085706	1
史上最大のペニスを持つ少年をフェラチオすべく、彼は1970年にタイムトラベルした。女装少年ドラマシリーズ　タイムトラフェラー・時をかける女装子: ブルマ女装のフェラチオ係	https://www.amazon.co.jp/dp/B082Y9ZZVY	安芸育	https://www.piedey.co.jp/blog/Content.modf?id=20210426085706	1
妖怪美少女コナツに憑依しているとき、僕はコナツの股間の秘密の穴を見放題だと気付いた。妖怪オナニーッチ・射精サイド　鬼棒の復活　ＴＳ憑依妖怪美少女コナツの快楽ライフ	https://www.amazon.co.jp/dp/B08PVF4QK9	安芸育	https://www.piedey.co.jp/blog/Content.modf?id=20210426085706	1
拘束ダンボールがコナツの自由を奪い、小型ロボットはバイブに変形してコナツを犯した!　レベル５５号シリーズ２　チンボール戦記Ｗ　ダブル挿入のＬＢＳＥＸバトル！	https://www.amazon.co.jp/dp/B08QJ3B8X6	安芸育	https://www.piedey.co.jp/blog/Content.modf?id=20210426085706	1
僕は美少女妖怪と合体し、そして敵に犯されてメス墜ちした!　レベル５５号シリーズ３　イナズマ入れチン＋妖怪学園「猥」エロとの遭遇	https://www.amazon.co.jp/dp/B08W4HKTTH	安芸育	https://www.piedey.co.jp/blog/Content.modf?id=20210426085706	1
不倫を息子に目撃されて、母は息子と交わった。近親相姦熟女母対六人の息子: 二度と見たくないあのレオタードなのに	https://www.amazon.co.jp/dp/B07FXM9SKK	安芸育	https://www.piedey.co.jp/blog/Content.modf?id=20210426085706	1
ニートの六つ子は性欲を持てあまして末っ子を憧れのトキ子ちゃんそっくりに変身させてしまった。おそ木ハムくん: 末っ子トト松・性転換大輪姦「お兄ちゃん達、優しくしてね！」	https://www.amazon.co.jp/dp/B08NCTLCJ3	安芸育	https://www.piedey.co.jp/blog/Content.modf?id=20210426085706	1
おそ木家の六つ子が全員女体化した。朝食の食卓に12個のオッパイは並ぶか?　おそ木ハムくん２: 六つ子全員女体化・１２個のオッパイが住む部屋	https://www.amazon.co.jp/dp/B08P1Q3TC4	安芸育	https://www.piedey.co.jp/blog/Content.modf?id=20210426085706	1
不思議な道具を出すロボットが僕を美少女にしてくれた　ＴＳ大長編ドラえもい・ノブ太の性転換美少女本日誕生	https://www.amazon.co.jp/dp/B08BK3RS7S	安芸育	https://www.piedey.co.jp/blog/Content.modf?id=20210426085706	1
しずえちゃんと女体化した僕は二人でウェディングドレスを着てそれぞれのパパに言った。「お世話になりました。私お嫁に行きます」ＴＳ大長編ドラえもいVol.2・性転換美少女ノブ太の結婚前夜・ダブル花嫁ダブル奉仕	https://www.amazon.co.jp/dp/B08JZ2DH3J	安芸育	https://www.piedey.co.jp/blog/Content.modf?id=20210426085706	1
信太は美少女に変身して魔界で魔人、魔獣に犯されて大冒険!　ＴＳ大長編ドラえもいVol.3・性転換美少女ノブ太のマン開大冒険	https://www.amazon.co.jp/dp/B08KF8PSKQ	安芸育	https://www.piedey.co.jp/blog/Content.modf?id=20210426085706	1
しずえちゃんが奴隷商人に連れ去られた!　僕達も美少女性奴隷にしてもらうんだ!　ＴＳ大長編ドラえもいVol.4・性転換美少女ノブ太のレズビアンナイト	https://www.amazon.co.jp/dp/B094ZZM87M	安芸育	https://www.piedey.co.jp/blog/Content.modf?id=20210426085706	1
八百屋は野菜オナニーパラダイス!　性転換超能力シリーズ1・もーれつアヘ太郎: 女体化アヘ顔快楽昇天	https://www.amazon.co.jp/dp/B07NWQ2WP9	安芸育	https://www.piedey.co.jp/blog/Content.modf?id=20210426085706	1
女体化願望のあるマゾ少年は夢を叶えた・性転換超能力シリーズ2・拘束エスパー: 変身!　ティー・エス・パイ!!　性転換マゾ少女	https://www.amazon.co.jp/dp/B07PHDRVW7	安芸育	https://www.piedey.co.jp/blog/Content.modf?id=20210426085706	1
高嶺の花、クラス一のお嬢様に憑依した俺はあらゆる男達とやりまくった。生体験、憧れの淫乱令嬢生活 憑依性転換イブキ Kindle版  [アダルト] 　安芸 育	https://www.amazon.co.jp/dp/B07HGG41GD	安芸育	https://www.piedey.co.jp/blog/Content.modf?id=20210426085706	1
憑依性転換イブキ２・生体験、背徳の淫乱女教師生活	https://www.amazon.co.jp/dp/B07HKH4V6Z	安芸育	https://www.piedey.co.jp/blog/Content.modf?id=20210426085706	1
憑依性転換イブキ３・生体験、過激な淫乱熟女生活	https://www.amazon.co.jp/dp/B07HLR5SLT	安芸育	https://www.piedey.co.jp/blog/Content.modf?id=20210426085706	1
処女だけのアイドルグループにスカウトされた俺は淫らな内情を体験する。憑依性転換イブキ4・生体験、愛玩の処女妹生活	https://www.amazon.co.jp/dp/B07J6NVSGT	安芸育	https://www.piedey.co.jp/blog/Content.modf?id=20210426085706	1
チアガール部の謎の処女チームの正体は処女を売る校内娼婦だった　憑依性転換イブキ５・生体験、開脚の処女チアガール生活	https://www.amazon.co.jp/dp/B07K7JZR4H	安芸育	https://www.piedey.co.jp/blog/Content.modf?id=20210426085706	1
地下室で処女を飼育する鬼畜変態に「でも気持ちは分かる」　憑依性転換イブキ6　生体験、拘束の処女飼育生活	https://www.amazon.co.jp/dp/B07KF5HR9H	安芸育	https://www.piedey.co.jp/blog/Content.modf?id=20210426085706	1
「私お爺ちゃんの好みに合わせてスク水娼婦になったよ。抱いて!」　近親相姦家族三女桃恵: お爺ちゃんのスク水娼婦 Kindle版 #Incest #近親相姦	https://www.amazon.co.jp/dp/B076B18D59	安芸育	https://www.piedey.co.jp/blog/Content.modf?id=20210426085706	1
「私パパの好みに合わせて性奴隷秘書になりました。公私ともに御奉仕いたします!」　近親相姦家族長女青葉: パパの性奴隷秘書  Kindle版 #Incest #近親相姦	https://www.amazon.co.jp/dp/B076NWDMBN	安芸育	https://www.piedey.co.jp/blog/Content.modf?id=20210426085706	1
「私、兄さんのためなら何でもします。私に最高の快楽を与えて!」 近親相姦家族次女冴子: 兄上の快楽玩具 Kindle版 #Incest #近親相姦	https://www.amazon.co.jp/dp/B0777PB1PB	安芸育	https://www.piedey.co.jp/blog/Content.modf?id=20210426085706	1
ソナエは触手の怪物に丸呑みされ、快楽刺激を強制注入された。ＴＳ性奴ソナエ1・触手拘束志願: 丸呑みの強制快楽注入 Kindle版(安芸育)	https://www.amazon.co.jp/dp/B073VTMBYW	安芸育	https://www.piedey.co.jp/blog/Content.modf?id=20210426085706	1
触手拘束されたソナエに産卵管が侵入し、子宮に卵を産み付けていった。ＴＳ性奴ソナエ2・触手産卵志願: 屈辱の快楽人体実験 Kindle版(安芸育)	https://www.amazon.co.jp/dp/B073Z43TXV	安芸育	https://www.piedey.co.jp/blog/Content.modf?id=20210426085706	1
潜入捜査入った屋敷で、ソナエは母乳を吸い尽くされて快楽昇天した。ＴＳ性奴ソナエ３・触手搾乳志願: 吸い尽くされた昇天絶頂 Kindle版(安芸育)	https://www.amazon.co.jp/dp/B0741KP88C	安芸育	https://www.piedey.co.jp/blog/Content.modf?id=20210426085706	1
小説淫欲少女抄・黎明編 (安芸 育)	https://www.amazon.co.jp/dp/B01LLRKG1I	安芸育	https://www.piedey.co.jp/blog/Content.modf?id=20210426085706	1
二人一緒なら何でもできる。調教プレイだって輪姦だって二人一緒に受けられる。小説淫欲少女抄・陽子と容子は友達以上百合以上	https://www.amazon.co.jp/dp/B09P6JYCLY	安芸育	https://www.piedey.co.jp/blog/Content.modf?id=20210426085706	1
女教師【姫川玖美緒】は女装男だった #女装 小説・女装教師M  (安芸 育)	http://www.amazon.co.jp/dp/B01HVQVBL2	安芸育	https://www.piedey.co.jp/blog/Content.modf?id=20210426085706	1
ペニス(P)を持った女教師は娼婦(P)を目指す!　女装教師Ｐ: ペニス露出強制授業	https://www.amazon.co.jp/dp/B07MPVDWQM	安芸育	https://www.piedey.co.jp/blog/Content.modf?id=20210426085706	1
生徒はみんな知っていた。授業中の女装教師のアヌスには拡張訓練用の道具が挿入されていることを　女装教師Ａ: アナル拡張訓練授業	https://www.amazon.co.jp/dp/B07ST3HZ12	安芸育	https://www.piedey.co.jp/blog/Content.modf?id=20210426085706	1
二人の女装少年・君とペニスを密着させたい！	https://www.amazon.co.jp/dp/B095NKT528	安芸育	https://www.piedey.co.jp/blog/Content.modf?id=20210426085706	1
自分で自分のペニスはなめられないが味が気になった。二人の女装少年２: 君のペニスをなめてみたい！	https://www.amazon.co.jp/dp/B098MG2TJN	安芸育	https://www.piedey.co.jp/blog/Content.modf?id=20210426085706	1
TS探偵アオバ・潜入! 性奴隷育成女学院  (安芸 育) #TSF	http://www.amazon.co.jp/dp/B01EI7XW7I	安芸育	https://www.piedey.co.jp/blog/Content.modf?id=20210426085706	1
ＴＳ探偵アオバ・潜入！教祖ハーレム旧スク地獄  (安芸 育) #TSF	http://www.amazon.co.jp/dp/B01EYZV8PC	安芸育	https://www.piedey.co.jp/blog/Content.modf?id=20210426085706	1
ＴＳ探偵アオバ・ＲＱキャンギャル盗撮視姦  (安芸 育) #TSF	http://www.amazon.co.jp/dp/B01G0LFHPU	安芸育	https://www.piedey.co.jp/blog/Content.modf?id=20210426085706	1
ＴＳ探偵アオバ・触手妊娠絶頂出産 (安芸 育) #TSF	http://www.amazon.co.jp/dp/B01IUXP4O0	安芸育	https://www.piedey.co.jp/blog/Content.modf?id=20210426085706	1
100%女の子オンリー!不潔な男性器はナッシング!ＴＳ探偵アオバ・女学園レズ快楽調教対決 (安芸 育) #TSF	https://www.amazon.co.jp/dp/B071SCP9QR	安芸育	https://www.piedey.co.jp/blog/Content.modf?id=20210426085706	1
でんでんかんかん性転換　目が覚めたら超ボイン！　がんばれロボイン！	https://www.amazon.co.jp/dp/B07N8Z6T2Q	安芸育	https://www.piedey.co.jp/blog/Content.modf?id=20210426085706	1
カリ高ロボのロボカリが予備の機体を頼んだから、ガーリー少女ロボ、ロボガーリーが届いてしまった!　でんでんかんかん性転換２　最強カリに大昇天・俺はガーリー少女ロボ	https://www.amazon.co.jp/dp/B091TF7FWN	安芸育	https://www.piedey.co.jp/blog/Content.modf?id=20210426085706	1
ツボから出て来た美女が何でも職業体験させてくれるという。僕は美少女性奴隷を体験したいと願った。ＴＳ性奴隷カンナ・セックス大魔王２０２０・魔法性転換の女体調教地獄	https://www.amazon.co.jp/dp/B08D76J9GH	安芸育	https://www.piedey.co.jp/blog/Content.modf?id=20210426085706	1
ムンムンの戦闘レオタードが蒸れ蒸れになるとみんな理性を失ってムンムンを襲う!　蒸れ蒸れになる前に敵を倒すんだ!　ＴＳ美少女レオタード戦士ムレムレムンムン: 性転換無敵超戦士輪姦昇天	https://www.amazon.co.jp/dp/B07XZF6VSY	安芸育	https://www.piedey.co.jp/blog/Content.modf?id=20210426085706	1
安芸育ＴＳ短編集: ＴＳマネジ美紀・もし冴えない中年男性が野球部の女子マネージャーになったら Kindle版	https://www.amazon.co.jp/dp/B074JGY4LJ	安芸育	https://www.piedey.co.jp/blog/Content.modf?id=20210426085706	1
安芸育ＴＳ短編集 Kindle版 【TSマネジ美紀・もし冴えない中年男性が野球部の女子マネージャーになったら】【TS社長 島コウサギ】【TS大プロデューサ】【TS少尉マリ】	https://www.amazon.co.jp/dp/B074JGY4LJ	安芸育	https://www.piedey.co.jp/blog/Content.modf?id=20210426085706	1
女性化ガスで女体化したヒーロー達を触手が襲う 小説・TS少女ロキ: 触手監獄の拘束絶頂 #TFS	http://www.amazon.co.jp/dp/B01HE88KSO	安芸育	https://www.piedey.co.jp/blog/Content.modf?id=20210426085706	1
触手モンスターのチュウチュウとジムリーダーのコケシと旅に出る。ＴＳトレーナー・サトミ: 触手モンスター・君にハメた！ Kindle版(安芸育)	https://www.amazon.co.jp/dp/B074669CX9	安芸育	https://www.piedey.co.jp/blog/Content.modf?id=20210426085706	1
朝起きたら男の人形になっていたが、服は女用しかなかった。女装人形エリカちゃん: 王女の服を着た王子 Kindle版(安芸育)	https://www.amazon.co.jp/dp/B071ZK22FY	安芸育	https://www.piedey.co.jp/blog/Content.modf?id=20210426085706	1
女体化してスペルマ収集のために夜の街を僕は走る。ＴＳ怪盗ポニーテール　神よ種も仕掛けもなく女体化することをお許し下さい Kindle版(安芸育)	https://www.amazon.co.jp/dp/B072MYJLPH	安芸育	https://www.piedey.co.jp/blog/Content.modf?id=20210426085706	1
帝国に献上される王女の中身は私だった。ＴＳ王女千鶴: 小説淫欲王女抄・帝国に献上された王族性奴隷  Kindle版(安芸育)	https://www.amazon.co.jp/dp/B0731MPXG8	安芸育	https://www.piedey.co.jp/blog/Content.modf?id=20210426085706	1
悪の組織に改造されるなら女の子になりたい 小説・淫波人間股ックルＶＳ仮面ファイターアレロンガー  #TFS	http://www.amazon.co.jp/dp/B01H2JEX54	安芸育	https://www.piedey.co.jp/blog/Content.modf?id=20210426085706	1
ご町内の覇者、織田アレ長の部下、無敵の森乱丸には、水をかぶると非力な女になるという弱点があった。乱丸危うし!　ＴＳ少女町内戦国記・らんまる１／２　アレ長の野望	https://www.amazon.co.jp/dp/B08WLMTGX1	安芸育	https://www.piedey.co.jp/blog/Content.modf?id=20210426085706	1
空から落ちてきた女の子とぶつかった僕は心が入れ替わってしまった　天空のエロ　ラピュテア　～空から落ちてきた女の子と心が入れ替わった僕～	https://www.amazon.co.jp/dp/B093FH3R4R	安芸育	https://www.piedey.co.jp/blog/Content.modf?id=20210426085706	1
爆乳少女に変身して深夜の公園で露出オナニー　こちら出歯亀公園前露出所・爆乳ＴＳ少女、柿本麗香爆誕	https://www.amazon.co.jp/dp/B09GMD4P2M	安芸育	https://www.piedey.co.jp/blog/Content.modf?id=20210426085706	1
「僕、女の子になってみんなに犯されます!」　女の子に性転換して過ごす一夏の冒険　性転換ボーイ: 女の子になって過ごす犯され志願の夏休み	https://www.amazon.co.jp/dp/B09M2QGW66	安芸育	https://www.piedey.co.jp/blog/Content.modf?id=20210426085706	1
僕は謎の薬を飲むとペニスと胸が膨らんでセルフパイズリできる身体になった。巨乳ふたなり中華スパイ・サオパイパイ: おっぱいいっぱいパイズリ天国 Kindle版  [アダルト]	https://www.amazon.co.jp/dp/B07QV8C5L2	安芸育	https://www.piedey.co.jp/blog/Content.modf?id=20210426085706	1
妹のローリーと融合したアポロンはふたなりのポロリに変身していた。男性器と女性器を同時に責められてポロリはふたなりボディでイくっ!　ふたなりと五人: オリンポスのポロリ　#ふたなり	https://www.amazon.co.jp/dp/B07ZP9VGVF	安芸育	https://www.piedey.co.jp/blog/Content.modf?id=20210426085706	1
神様が僕の願いを叶えてくれた。夢のふたなり王国・ふたなり美少女性奴隷になって上も下もミルク発射!	https://www.amazon.co.jp/dp/B09MQ7CFG4	安芸育	https://www.piedey.co.jp/blog/Content.modf?id=20210426085706	1
スライムに消化された俺は、気がついたらスライム少女になっていた。触手百本同時挿入！　スライム少女ライムの連続絶頂！！ 　#女体化 #TSF #性転換	https://www.amazon.co.jp/dp/B07R5CK8ZD	安芸育	https://www.piedey.co.jp/blog/Content.modf?id=20210426085706	1
組に大損失を負わせたマサは、責任を取らされコスプレ女装娼婦に堕とされた。そしてマサは女装の快楽に目覚めた。女装の天使　クリィミーマサ	https://www.amazon.co.jp/dp/B07NV8DS4K	安芸育	https://www.piedey.co.jp/blog/Content.modf?id=20210426085706	1
平成女装子ヒラは令和女装子レイから女装調教を受けて女装アイドルデビューを目指す。女装調教対決・令和女装子レイ対平成女装子ヒラ対昭和女装子アキ	https://www.amazon.co.jp/dp/B07R8NJ68X	安芸育	https://www.piedey.co.jp/blog/Content.modf?id=20210426085706	1
呪われた海賊船の乗組員になるとなんと女性用ワンピース水着を着る呪いが掛かるのだった!　ワンピース水着女装・海賊王女に俺はなる！	https://www.amazon.co.jp/dp/B07VYLBFHC	安芸育	https://www.piedey.co.jp/blog/Content.modf?id=20210426085706	1
触手生物に妊娠させられた女装戦士サクラは、アヌスから出産するために拡張訓練を受けた!　女装戦士サクラ種付け強姦: 屈辱の怪物アヌス出産	https://www.amazon.co.jp/dp/B087C6X3GR	安芸育	https://www.piedey.co.jp/blog/Content.modf?id=20210426085706	1
対決!キャッキャウフフ対ヒャッハー　僕はミニスカ婦警の男の娘: 発明ボーイ海パンの全人類男の娘化計画	https://www.amazon.co.jp/dp/B07G8HP4JJ	安芸育	https://www.piedey.co.jp/blog/Content.modf?id=20210426085706	1
切符を拝見。ナニも拝見。玉電女装車掌ペコちゃん: 中央輪姦行き出発進行	https://www.amazon.co.jp/dp/B07H4SJ9LY	安芸育	https://www.piedey.co.jp/blog/Content.modf?id=20210426085706	1
スポーツウェア製造会社の社長はクレームを受けて自社製品のレオタードを実際に着てみた。社長女装記・みんな大好き社長室のレオタード男の娘	https://www.amazon.co.jp/dp/B08LQRJN43	安芸育	https://www.piedey.co.jp/blog/Content.modf?id=20210426085706	1
僕は男が24人しか住んでいない孤島に移住した。２４時間スク水女装: 孤島の快楽生活  Kindle版 #女装	https://www.amazon.co.jp/dp/B0793ZZFW9	安芸育	https://www.piedey.co.jp/blog/Content.modf?id=20210426085706	1
僕は雪女の魂と融合し、女装雪女になった。女装雪女おゆき: 水着からはみ出たアイスキャンディー Kindle版  [アダルト] #雪女 #女装	https://www.amazon.co.jp/dp/B079DD1ZX5	安芸育	https://www.piedey.co.jp/blog/Content.modf?id=20210426085706	1
ペニスが8本あるカマタノオロチが女装巫女を襲う!女装巫女ミツコ: 偽神主強制奉仕の罠 Kindle版  [アダルト]	https://www.amazon.co.jp/dp/B07F85RBTL	安芸育	https://www.piedey.co.jp/blog/Content.modf?id=20210426085706	1
女子禁制の山寺への路線には女性添乗員を乗せられなかった。女装バス添乗員マヤ: 肛姦バックオーライ Kindle版  [アダルト]	https://www.amazon.co.jp/dp/B075TGVYM9	安芸育	https://www.piedey.co.jp/blog/Content.modf?id=20210426085706	1
女装少年クラブ: 手にヌルヌルの王子さま	https://www.amazon.co.jp/dp/B073SBT8QP	安芸育	https://www.piedey.co.jp/blog/Content.modf?id=20210426085706	1
予備校講師に仕掛けられた悪魔の罠　小説・女装講師サオリ: 強制ノーパンミニスカ授業 [Kindle] #女装	https://www.amazon.co.jp/gp/B01M2WJVKS	安芸育	https://www.piedey.co.jp/blog/Content.modf?id=20210426085706	1
彼は究極のセックス人類シードールに改造された。小説・ＳＦ人体大改造・スーパーニューハーフ: 快楽潜航精液プール [Kindle] (安芸 育)#SF #シーメール	https://www.amazon.co.jp/dp/B01MFFX7EZ	安芸育	https://www.piedey.co.jp/blog/Content.modf?id=20210426085706	1
無人島の少年達に残されたのは、難破船の船倉にあった女性用競泳水着だけだった。女装十五少年漂流記: 十五連結トコロテン＝トレイン [Kindle] (安芸 育) #女装子	https://www.amazon.co.jp/dp/B01NAFUG3Q	安芸育	https://www.piedey.co.jp/blog/Content.modf?id=20210426085706	1
女装慰安婦の提供命令が出された。拒絶はできなかった。女装慰安婦ヒロミ: 拉致強制肉棒調教 [Kindle] (安芸 育)	https://www.amazon.co.jp/dp/B06VVRBTW6	安芸育	https://www.piedey.co.jp/blog/Content.modf?id=20210426085706	1
シノブは縁故採用枠で入社を希望したが、OL枠しか残っていなかった。女装新人ＯＬシノブ: 社畜調教の御奉仕マゾ奴隷  [Kindle] (安芸 育)	https://www.amazon.co.jp/dp/B06XGKWWZ7	安芸育	https://www.piedey.co.jp/blog/Content.modf?id=20210426085706	1
七課の新人に女装命令が下った。返事はイエスかはいだった。女装新人ＯＬナナカ: 営業七課のパワハラ社畜調教	https://www.amazon.co.jp/dp/B07WH9CZVM	安芸育	https://www.piedey.co.jp/blog/Content.modf?id=20210426085706	1
女装住人ばかりのアパートの管理人になった彼も女装にはまった。女装管理人キョウコ: 女装アパート・メゾンひととき Kindle版  (安芸育)	https://www.amazon.co.jp/dp/B06XYBCMKW	安芸育	https://www.piedey.co.jp/blog/Content.modf?id=20210426085706	1
男の娘レムちゃんの愛するダーリンを奪いに薔薇帝国の男の娘エリ王女が攻めてきた。女装押掛女房レム: 媚薬調教昇天ビキニ Kindle版  [アダルト]  (安芸育)	https://www.amazon.co.jp/dp/B071DPBXXQ	安芸育	https://www.piedey.co.jp/blog/Content.modf?id=20210426085706	1
小説・オレは男の娘だ！？ (安芸 育) #男の娘 #女装子	http://www.amazon.co.jp/dp/B01GXPRSNM	安芸育	https://www.piedey.co.jp/blog/Content.modf?id=20210426085706	1
夏休みの自由研究は家畜体験!　女装家畜志願: 僕、スクール水着女装で飼われます！	https://www.amazon.co.jp/dp/B09KT7321F	安芸育	https://www.piedey.co.jp/blog/Content.modf?id=20210426085706	1
妻は夫以外の男と交わった。それが夫の望みだった。レオタード不倫妻VSマゾ覗き夫  (安芸 育)	https://www.amazon.co.jp/dp/B01JBAW8MMhttp://urx.blue/xr3x	安芸育	https://www.piedey.co.jp/blog/Content.modf?id=20210426085706	1
○リンピック応援企画・東京不倫ピック・人妻オリコの不倫セックス２０２０回チャレンジ	https://www.amazon.co.jp/dp/B083RYVK7X	安芸育	https://www.piedey.co.jp/blog/Content.modf?id=20210426085706	1
男ばかりの島にセクシー女教師が赴任してきた。憧れの先生と素敵な初体験!ベッドの中の穴埋め問題・女教師モコはナニが好き！？	https://www.amazon.co.jp/dp/B07L9BYQ5N	安芸育	https://www.piedey.co.jp/blog/Content.modf?id=20210426085706	1
淫乱バニーガール先生: いい子にしてたら授業の後で…… Kindle版  [アダルト]	https://www.amazon.co.jp/dp/B07CWH5P9Y	安芸育	https://www.piedey.co.jp/blog/Content.modf?id=20210426085706	1
淫乱女教師とのセックスを校則で禁止された生徒達は視姦力を磨いた。授業時間は視姦タイム!　淫乱女教師ヒトミ24歳: 二十四の瞳に視姦されて #視姦	https://www.amazon.co.jp/dp/B07TP95Q39	安芸育	https://www.piedey.co.jp/blog/Content.modf?id=20210426085706	1
美少女クラス委員桃実【新装版】　正義のクラス委員はセックス大好きマゾ少女！？	http://www.amazon.co.jp/dp/B01FSWJF6O	安芸育	https://www.piedey.co.jp/blog/Content.modf?id=20210426085706	1
女騎士は洗脳されたふりをして情報収集のために我が身を悪の組織に投じた。だが、調教を受けているうちに、洗脳されたわけでもないのに身も心も家畜化していった。巨乳女騎士シャリー洗脳家畜化計画・誤算の潜入捜査	https://www.amazon.co.jp/dp/B07V6XMCCH	安芸育	https://www.piedey.co.jp/blog/Content.modf?id=20210426085706	1
囚われの女戦士は、男を知って女になり、快楽を知って雌に堕ちた。超調教要塞セクロス: 戦士・女・雌　女戦士バルキリー三段変形	https://www.amazon.co.jp/dp/B07VNN6TJL	安芸育	https://www.piedey.co.jp/blog/Content.modf?id=20210426085706	1
侵略者からセックス勝負で日本を守れ!国防少女さやか対侵略獣欲軍団: 快楽昇天の日本滅亡 [Kindle] (安芸 育)	https://www.amazon.co.jp/dp/B01MT8HTKD	安芸育	https://www.piedey.co.jp/blog/Content.modf?id=20210426085706	1
深夜の公園で白い素肌を晒す快楽。露出狂の詩: 北のパイオツ南の尻  Kindle版	https://www.amazon.co.jp/dp/B077XZ4V5Q	安芸育	https://www.piedey.co.jp/blog/Content.modf?id=20210426085706	1
女医はドSで淫乱だった。僕はドMで覗き好きだった。エンジョイ女医女王様: 女性上位の快楽支配者	https://www.amazon.co.jp/dp/B078VD57C7	安芸育	https://www.piedey.co.jp/blog/Content.modf?id=20210426085706	1
「積み荷を燃やして!」　なんと積み荷はエロ画像だった。胸の谷のナマシカ・ナマでしかしない巨乳女	https://www.amazon.co.jp/dp/B08GL7RQYY	安芸育	https://www.piedey.co.jp/blog/Content.modf?id=20210426085706	1
マゾ的快楽を求めて少女は異国に旅立った 金満淫乱大陸美少女・イッチャイナ・ガール	https://www.amazon.co.jp/dp/B07L1WJ5SX	安芸育	https://www.piedey.co.jp/blog/Content.modf?id=20210426085706	1
レオタード後妻２１歳対ニート息子３７歳	https://www.amazon.co.jp/dp/B097SDLD86	安芸育	https://www.piedey.co.jp/blog/Content.modf?id=20210426085706	1
君もエッチな小説を書こう!　安芸育のアダルト小説の書き方入門　読者の股間をフル勃起!	https://www.amazon.co.jp/dp/B08TLPD5C4	安芸育	https://www.piedey.co.jp/blog/Content.modf?id=20210426085706	1
戦士ラムザは地球の少年に負け、美少女になって絶対服従した!　ヘル星のやつら　美少女性転換メス墜ち宇宙は変態だ！	https://www.amazon.co.jp/dp/B0B968DY9Q	安芸育	https://www.piedey.co.jp/blog/Content.modf?id=20210426085706	1
好奇心で使った機械は男から女への一方通行だった(でも女の子は気持ち良かったよ)。レインボー少女ロビン: 復讐強制性転換の生け贄	https://www.amazon.co.jp/dp/B0BB86TPNZ	安芸育	https://www.piedey.co.jp/blog/Content.modf?id=20210426085706	1
アヌスに挿入された触手の先端が喉から出てきた!　ヘル星のやつら２: 宇宙触手強姦地獄	https://www.amazon.co.jp/dp/B0BD6JDRP7	安芸育	https://www.piedey.co.jp/blog/Content.modf?id=20210426085706	1
アナルセックスが解禁されたマコは、遂に禁断の三穴同時挿入に挑戦する!　如月麻子調教日記３・マコ強制三穴同時挿入命令	https://www.amazon.co.jp/dp/B0BJL8PH87	安芸育	https://www.piedey.co.jp/blog/Content.modf?id=20210426085706	1
